Test Version, drone_x, drone_y, drone_z, us_0, us_1, us_2, us_3, us_4, us_5, raw_accel_x, raw_accel_y, raw_accel_z, filt_accel_x, filt_accel_y, filt_accel_z, raw_vel_x, raw_vel_y, raw_vel_z, filt_vel_x, filt_vel_y, filt_vel_z, raw_pos_x, raw_pos_y, raw_pos_z, filt_pos_x, filt_pos_y, filt_pos_z, heading, compass_x, compass_y, compass_z, millis, recording_enabled0.000000,0.000000,0.000000,0.000000,0.000000,55.000000,246.000000,150.000000,208.000000,138.000000,-490.300018,61.287498,245.149994,-98.060005,12.257500,49.029999,-6.373899,4.964288,291.483429,-1.274780,0.992858,58.296661,-0.340697,1.580359,333.868652,-0.068139,0.316072,66.773712,64.504341,0.975000,3.775000,-0.425000,2228.0000000.000000
0.000000,0.000000,0.000000,0.000000,2073.000000,135.000000,238.000000,134.000000,359.000000,202.000000,490.300018,-61.287498,0.000006,98.060005,-12.257500,0.000001,-3.003087,4.903000,344.190826,-0.600618,0.980600,68.838097,1.371554,3.499884,472.056854,0.274311,0.699977,94.411339,64.595650,0.975000,3.800000,-0.375000,2933.0000000.000000
0.000000,0.000000,0.000000,0.000000,2001.000000,55.000000,246.000000,99.000000,211.000000,413.000000,-306.437500,-0.000002,306.437500,-61.287498,-0.000000,61.287498,2.451500,5.699739,397.020660,0.490300,1.139948,79.404068,1.533169,5.793632,633.230469,0.306634,1.158726,126.646080,64.054688,1.000000,3.750000,-0.350000,3595.0000000.000000
0.000000,0.000000,0.000000,0.000000,1997.000000,56.000000,246.000000,60.000000,218.000000,151.000000,-122.574989,61.287498,306.437500,-24.514997,12.257500,61.287498,8.518962,8.457676,455.550171,1.703792,1.691535,91.110008,4.615317,9.841979,833.148865,0.923063,1.968395,166.629776,64.411888,0.975000,3.750000,-0.275000,4274.0000000.000000
0.000000,0.000000,0.000000,0.000000,2067.000000,152.000000,173.000000,116.000000,397.000000,179.000000,-61.287491,-61.287506,367.725006,-12.257498,-12.257502,73.544998,17.221785,5.638450,502.312561,3.444356,1.127690,100.462463,12.264058,12.137622,1048.399292,2.452811,2.427524,209.679779,64.504341,0.975000,3.775000,-0.300000,4937.0000000.000000
0.000000,0.000000,0.000000,0.000000,2274.000000,168.000000,429.000000,54.000000,115.000000,251.000000,0.000009,-122.575005,306.437500,0.000002,-24.515001,61.287498,22.676373,16.363768,527.563049,4.535274,3.272752,105.512581,20.408121,16.329752,1253.533325,4.081624,3.265949,250.706573,63.890587,1.025000,3.800000,-0.375000,5617.0000000.000000
0.000000,0.000000,0.000000,0.000000,2000.000000,148.000000,245.000000,62.000000,115.000000,178.000000,61.287491,122.575005,-61.287498,12.257498,24.515001,-12.257500,24.944010,22.553806,578.615601,4.988802,4.510759,115.723114,30.636705,25.349134,1499.908081,6.127339,5.069823,299.981567,64.054688,1.000000,3.750000,-0.375000,6318.0000000.000000
0.000000,0.000000,0.000000,0.000000,2081.000000,167.000000,172.000000,67.000000,117.000000,235.000000,122.574989,61.287506,-61.287498,24.514997,12.257502,-12.257500,26.905209,14.463857,648.238159,5.381042,2.892770,129.647659,40.642879,30.910795,1795.236328,8.128572,6.182155,359.047272,65.305183,0.925000,3.800000,-0.325000,6966.0000000.000000
0.000000,0.000000,0.000000,0.000000,1998.000000,149.000000,240.000000,52.000000,116.000000,245.000000,122.574989,0.000006,183.862503,24.514997,0.000001,36.772499,34.382290,15.383168,702.171204,6.876458,3.076632,140.434296,53.873989,37.247746,2119.289062,10.774794,7.449542,423.857910,64.860619,0.950000,3.775000,-0.425000,7634.0000000.000000
0.000000,0.000000,0.000000,0.000000,2229.000000,150.000000,168.000000,118.000000,151.000000,183.000000,-122.574989,-183.862503,-0.000009,-24.514997,-36.772499,-0.000002,26.414915,18.141104,741.640381,5.282983,3.628219,148.328156,64.523186,43.293087,2400.085693,12.904633,8.658610,480.017395,64.770256,0.950000,3.750000,-0.475000,8291.0000000.000000
0.000000,0.000000,0.000000,0.000000,1998.000000,147.000000,244.000000,51.000000,117.000000,246.000000,61.287491,183.862503,245.150009,12.257498,36.772499,49.030003,21.573206,14.279991,787.728638,4.314640,2.855996,157.545853,74.687248,50.706615,2723.586182,14.937441,10.141315,544.717590,64.318291,0.975000,3.725000,-0.425000,8958.0000000.000000
0.000000,0.000000,0.000000,0.000000,2001.000000,148.000000,361.000000,50.000000,119.000000,240.000000,-61.287491,-122.575005,-0.000009,-12.257498,-24.515001,-0.000002,18.141111,7.293216,833.081360,3.628220,1.458641,166.616425,83.060829,55.006420,3069.206787,16.612164,11.001276,613.841736,64.860619,0.950000,3.775000,-0.225000,9612.0000000.000000
0.000000,0.000000,0.000000,0.000000,2000.000000,379.000000,171.000000,55.000000,119.000000,245.000000,-61.287491,-183.862503,-0.000009,-12.257498,-36.772499,-0.000002,16.731504,5.270729,887.259583,3.346297,1.054143,177.452057,90.954041,57.358814,3469.579102,18.190807,11.471754,693.916260,64.411888,0.975000,3.750000,-0.350000,10269.0000000.000000
0.000000,0.000000,0.000000,0.000000,1998.000000,146.000000,431.000000,133.000000,150.000000,182.000000,122.574989,183.862503,245.150009,24.514997,36.772499,49.030003,21.082918,14.096130,946.340637,4.216579,2.819223,189.268265,97.884193,60.111298,3867.238281,19.576836,12.022251,773.448303,64.242546,1.000000,3.800000,-0.250000,10930.0000000.000000
0.000000,0.000000,0.000000,0.000000,2002.000000,146.000000,235.000000,89.000000,122.000000,186.000000,183.862488,183.862488,245.150009,36.772499,36.772499,49.030003,25.189184,5.515882,992.428833,5.037832,1.103173,198.485947,106.275551,62.117844,4284.285156,21.255112,12.423560,856.857544,65.490372,0.900000,3.750000,-0.250000,11600.0000000.000000
0.000000,0.000000,0.000000,0.000000,2043.000000,150.000000,245.000000,52.000000,120.000000,245.000000,122.574989,122.574989,183.862503,24.514997,24.514997,36.772499,16.547647,-4.657843,1036.187866,3.309526,-0.931572,207.237747,113.561485,60.975258,4679.871582,22.712294,12.195040,935.974976,63.984791,1.025000,3.825000,-0.325000,12275.0000000.000000
0.000000,0.000000,0.000000,0.000000,2001.000000,148.000000,410.000000,54.000000,119.000000,243.000000,-122.574989,0.000009,-0.000009,-24.514997,0.000002,-0.000002,25.189184,-1.961194,1091.285034,5.037834,-0.392242,218.257217,121.289970,58.902889,5130.688965,24.257986,11.780565,1026.138672,63.959000,1.000000,3.725000,-0.350000,12932.0000000.000000
0.000000,0.000000,0.000000,0.000000,2000.000000,149.000000,246.000000,56.000000,119.000000,245.000000,-122.574989,61.287514,-61.287498,-24.514997,12.257503,-12.257500,25.924633,6.925494,1140.866333,5.184924,1.385095,228.173508,132.623154,60.137897,5576.197266,26.524614,12.027565,1115.240479,64.770256,0.950000,3.750000,-0.325000,13600.0000000.000000
0.000000,0.000000,0.000000,0.000000,1998.000000,151.000000,246.000000,54.000000,119.000000,246.000000,0.000009,0.000014,-61.287498,0.000002,0.000003,-12.257500,32.666256,7.170644,1194.247559,6.533249,1.434126,238.849838,144.986404,62.530994,6057.166016,28.997278,12.506183,1211.434326,64.149200,1.000000,3.775000,-0.275000,14266.0000000.000000
0.000000,0.000000,0.000000,0.000000,2019.000000,150.000000,172.000000,51.000000,118.000000,0.000000,-61.287510,-0.000013,306.437500,-12.257502,-0.000003,61.287498,53.013718,15.628318,1338.579346,10.602741,3.125661,267.716217,196.510803,76.924591,7481.835938,39.302177,15.384901,1496.368652,65.129753,0.925000,3.750000,-0.300000,15926.0000000.000000
0.000000,0.000000,0.000000,0.000000,1998.000000,137.000000,246.000000,2113.000000,125.000000,0.000000,183.862488,-122.575012,245.149994,36.772499,-24.515003,49.029999,54.178181,18.631405,1461.889771,10.835631,3.726278,292.378296,257.396240,94.115921,9002.820312,51.479248,18.823149,1800.565796,64.678757,0.950000,3.725000,-0.350000,17714.0000000.000000
0.000000,0.000000,0.000000,0.000000,2001.000000,138.000000,236.000000,2172.000000,150.000000,172.000000,-183.862488,245.150024,0.000006,-36.772499,49.030006,0.000001,59.816628,21.695776,1525.138550,11.963321,4.339153,305.028046,285.620605,105.142525,9771.809570,57.124126,21.028467,1954.364014,64.586082,0.950000,3.700000,-0.375000,18485.0000000.000000
0.000000,0.000000,0.000000,0.000000,2003.000000,141.000000,245.000000,2114.000000,121.000000,245.000000,183.862488,-367.725037,245.149994,36.772499,-73.545006,49.029999,60.061790,32.850101,1577.294189,12.012350,6.570019,315.459167,313.163696,117.794548,10479.418945,62.632759,23.558867,2095.885986,64.054688,1.000000,3.750000,-0.225000,19271.0000000.000000
0.000000,0.000000,0.000000,0.000000,1998.000000,137.000000,181.000000,99.000000,151.000000,184.000000,-306.437500,429.012543,61.287514,-61.287498,85.802505,12.257503,80.654381,18.447527,1631.227173,16.130871,3.689505,326.245758,340.635071,133.968521,11165.732422,68.127022,26.793661,2233.148926,65.129753,0.925000,3.750000,-0.400000,19914.0000000.000000
0.000000,0.000000,0.000000,0.000000,2002.000000,139.000000,218.000000,56.000000,120.000000,246.000000,-490.300018,490.300018,61.287514,-98.060005,98.060005,12.257503,93.892494,15.199293,1681.727173,18.778490,3.039857,336.346130,374.356934,141.276443,11823.582031,74.871429,28.255243,2364.719482,65.305183,0.925000,3.800000,-0.425000,20580.0000000.000000
0.000000,0.000000,0.000000,0.000000,1999.000000,134.000000,357.000000,134.000000,133.000000,176.000000,-551.587524,551.587524,122.575012,-110.317505,110.317505,24.515003,45.904385,64.658318,1740.195435,9.180868,12.931660,348.039825,412.556580,155.453094,12640.620117,82.511353,31.090582,2528.126953,64.678757,0.950000,3.725000,-0.450000,21234.0000000.000000
0.000000,0.000000,0.000000,0.000000,2002.000000,126.000000,246.000000,2172.000000,151.000000,185.000000,-551.587524,551.587524,183.862518,-110.317505,110.317505,36.772503,93.524765,32.543663,1800.870239,18.704943,6.508729,360.174805,450.359558,175.691025,13501.574219,90.071968,35.138172,2700.318359,65.040382,0.925000,3.725000,-0.300000,22008.0000000.000000
0.000000,0.000000,0.000000,0.000000,2001.000000,135.000000,245.000000,2114.000000,122.000000,219.000000,429.012512,-735.449951,-122.575035,85.802505,-147.089996,-24.515007,126.374893,-4.719138,1854.925781,25.274963,-0.943831,370.985901,504.280914,177.275681,14319.016602,100.856255,35.455093,2863.807617,64.586082,0.950000,3.700000,-0.475000,22801.0000000.000000
0.000000,0.000000,0.000000,0.000000,1998.000000,167.000000,184.000000,2189.000000,121.000000,246.000000,367.725006,-674.162476,-61.287529,73.544998,-134.832489,-12.257505,109.214401,28.866407,1927.857666,21.842863,5.773279,385.572266,564.526489,186.706467,15317.512695,112.905350,37.341248,3063.507568,65.661583,0.900000,3.800000,-0.225000,23597.0000000.000000
0.000000,0.000000,0.000000,0.000000,2035.000000,152.000000,399.000000,2172.000000,133.000000,170.000000,-61.287510,-674.162476,-0.000024,-12.257502,-134.832489,-0.000005,75.199821,87.273384,2006.734741,15.039951,17.454678,401.347595,603.155457,240.938950,16368.944336,120.631096,48.187740,3273.793701,65.490372,0.900000,3.750000,-0.325000,24376.0000000.000000
0.000000,0.000000,0.000000,0.000000,2003.000000,151.000000,201.000000,2144.000000,134.000000,217.000000,122.575020,551.587524,122.575012,24.515003,110.317505,24.515003,78.877060,113.014130,2073.537598,15.775403,22.602827,414.708252,639.300354,289.247375,17350.482422,127.860069,57.849430,3470.102539,65.129753,0.925000,3.750000,-0.350000,25160.0000000.000000
0.000000,0.000000,0.000000,0.000000,1998.000000,168.000000,246.000000,2140.000000,134.000000,167.000000,61.287521,245.149994,0.000006,12.257504,49.029999,0.000001,74.464355,98.611572,2134.273193,14.892863,19.722313,426.855347,675.212463,336.518524,18364.996094,135.042496,67.303665,3673.006592,64.054688,1.000000,3.750000,-0.325000,25931.0000000.000000
0.000000,0.000000,0.000000,0.000000,1998.000000,357.000000,183.000000,116.000000,427.000000,170.000000,0.000021,122.574989,61.287514,0.000004,24.514997,12.257503,78.264183,105.108040,2189.554443,15.652828,21.021608,437.911652,709.647339,380.664001,19348.359375,141.929474,76.132751,3869.679199,64.860619,0.950000,3.775000,-0.300000,26603.0000000.000000
0.000000,0.000000,0.000000,0.000000,2000.000000,135.000000,183.000000,2113.000000,128.000000,245.000000,0.000021,61.287491,122.575012,0.000004,12.257498,24.515003,80.776970,96.405220,2254.763428,16.155388,19.281046,450.953583,750.211243,431.517853,20462.951172,150.042236,86.303558,4092.597900,65.129753,0.925000,3.750000,-0.275000,27375.0000000.000000
0.000000,0.000000,0.000000,0.000000,1998.000000,134.000000,614.000000,2190.000000,131.000000,245.000000,183.862518,-183.862518,183.862518,36.772503,-36.772503,36.772503,77.773880,108.785301,2320.831787,15.554770,21.757057,464.167267,789.450378,481.783386,21587.601562,157.890091,96.356667,4317.528320,64.242546,1.000000,3.800000,-0.100000,28186.0000000.000000
0.000000,0.000000,0.000000,0.000000,2065.000000,150.000000,246.000000,2112.000000,129.000000,246.000000,183.862518,-61.287521,245.150024,36.772503,-12.257504,49.030006,72.012848,125.945824,2377.584717,14.402565,25.189152,475.517700,826.141479,542.499695,22781.154297,165.228333,108.499916,4556.237305,64.595650,0.975000,3.800000,-0.200000,28965.0000000.000000
0.000000,0.000000,0.000000,0.000000,2002.000000,362.000000,193.000000,2156.000000,151.000000,160.000000,245.150024,-245.150024,183.862518,49.030006,-49.030006,36.772503,85.067093,115.649521,2434.826904,17.013411,23.129887,486.966248,859.573547,601.936035,23911.201172,171.914734,120.387177,4782.245605,65.125084,0.950000,3.850000,-0.300000,29747.0000000.000000
0.000000,0.000000,0.000000,0.000000,2078.000000,169.000000,189.000000,2115.000000,126.000000,236.000000,-245.150024,183.862518,61.287483,-49.030006,36.772503,12.257497,82.064003,121.962135,2508.249268,16.412796,24.392412,501.650940,901.602173,677.635803,25367.054688,180.320450,135.527145,5073.415527,64.318291,0.975000,3.725000,-0.275000,30587.0000000.000000
0.000000,0.000000,0.000000,0.000000,1999.000000,133.000000,246.000000,2114.000000,124.000000,245.000000,-61.287521,122.575020,-183.862549,-12.257504,24.515003,-36.772511,95.424683,113.014160,2584.858154,19.084934,22.602816,516.972839,950.196106,738.702942,26708.720703,190.039200,147.740601,5341.750000,65.218010,0.925000,3.775000,-0.175000,31376.0000000.000000
0.000000,0.000000,0.000000,0.000000,2003.000000,134.000000,184.000000,2111.000000,0.000000,170.000000,-122.575020,183.862518,-61.287529,-24.515003,36.772503,-12.257505,107.498322,118.836456,2744.634277,21.499664,23.767275,548.928101,1077.192017,878.620056,29967.621094,215.438492,175.724014,5993.530273,65.129753,0.925000,3.750000,-0.150000,33166.0000000.000000
0.000000,0.000000,0.000000,0.000000,2000.000000,138.000000,393.000000,2189.000000,133.000000,218.000000,183.862518,-183.862518,306.437531,36.772503,-36.772503,61.287506,103.085617,136.364685,2807.944580,20.617126,27.272915,561.589966,1134.496704,941.252319,31411.701172,226.899384,188.250458,6282.347168,64.397186,0.950000,3.650000,-0.250000,33945.0000000.000000
0.000000,0.000000,0.000000,0.000000,1999.000000,135.000000,235.000000,2189.000000,128.000000,161.000000,183.862518,-429.012543,122.575020,36.772503,-85.802505,24.515003,99.898674,140.961258,2863.531250,19.979734,28.192225,572.707642,1179.962524,1006.259949,32713.207031,235.992569,201.251968,6542.646973,64.318291,0.975000,3.725000,-0.325000,34718.0000000.000000
0.000000,0.000000,0.000000,0.000000,2003.000000,134.000000,193.000000,2111.000000,218.000000,157.000000,-122.575020,367.725037,61.287483,-24.515003,73.545006,12.257497,98.182617,152.544601,2916.053711,19.636520,30.508890,583.212524,1223.481445,1068.900391,33968.066406,244.696350,213.780014,6793.622070,65.129753,0.925000,3.750000,-0.200000,35502.0000000.000000
0.000000,0.000000,0.000000,0.000000,2118.000000,132.000000,190.000000,2114.000000,130.000000,296.000000,-245.150024,306.437531,183.862488,-49.030006,61.287506,36.772499,107.069313,137.467880,2986.226562,21.413855,27.493546,597.247681,1280.719238,1140.199951,35536.546875,256.143860,228.039886,7107.317871,64.770256,0.950000,3.750000,-0.150000,36290.0000000.000000
0.000000,0.000000,0.000000,0.000000,2082.000000,130.000000,266.000000,2115.000000,132.000000,285.000000,367.725037,-306.437531,-122.575005,73.545006,-61.287506,-24.515001,142.983765,100.695366,3026.676270,28.596752,20.139040,605.337524,1339.203247,1191.268677,36895.921875,267.840607,238.253662,7379.195312,64.492233,0.950000,3.675000,-0.225000,37092.0000000.000000
0.000000,0.000000,0.000000,0.000000,2094.000000,126.000000,286.000000,2133.000000,132.000000,169.000000,-367.725037,183.862518,490.300018,-73.545006,36.772503,98.060005,138.938797,104.679047,3088.454102,27.787760,20.935781,617.693054,1407.021240,1242.795532,38395.621094,281.404205,248.559082,7679.137695,64.949867,0.950000,3.800000,-0.275000,37898.0000000.000000
0.000000,0.000000,0.000000,0.000000,2130.000000,248.000000,226.000000,2133.000000,133.000000,285.000000,245.150024,-122.575020,-183.862518,49.030006,-24.515003,-36.772503,148.070663,102.411392,3136.871338,29.614124,20.482248,627.376526,1472.760376,1289.324585,39802.437500,294.552002,257.864929,7960.501465,63.401711,1.025000,3.675000,-0.250000,38727.0000000.000000
0.000000,0.000000,0.000000,0.000000,2078.000000,130.000000,269.000000,2383.000000,131.000000,171.000000,183.862518,-245.150024,-122.575005,36.772503,-49.030006,-24.515001,144.454697,106.027359,3185.165771,28.890932,21.205441,637.035461,1525.130493,1326.913208,40937.746094,305.026001,265.382629,8187.564941,64.149200,1.000000,3.775000,-0.225000,39535.0000000.000000
0.000000,0.000000,0.000000,0.000000,2095.000000,294.000000,297.000000,2115.000000,130.000000,291.000000,61.287521,-245.150024,-61.287506,12.257504,-49.030006,-12.257502,140.900055,115.343071,3254.850098,28.179993,23.068581,650.972046,1593.040405,1381.591309,42497.800781,318.607941,276.318237,8499.580078,65.218010,0.925000,3.775000,-0.325000,40366.0000000.000000
0.000000,0.000000,0.000000,0.000000,2130.000000,135.000000,297.000000,2131.000000,126.000000,285.000000,-61.287521,306.437531,367.725006,-12.257504,61.287506,73.544998,141.329041,82.063957,3282.245361,28.265799,16.412756,656.451355,1662.509521,1432.408081,44114.593750,332.501740,286.481598,8822.939453,63.959000,1.000000,3.725000,-0.300000,41213.0000000.000000
0.000000,0.000000,0.000000,0.000000,2078.000000,122.000000,292.000000,2391.000000,130.000000,283.000000,122.574982,306.437531,306.437500,24.514996,61.287506,61.287498,144.025711,74.096581,3329.620850,28.805128,14.819283,665.926331,1725.290771,1462.684448,45573.855469,345.057953,292.536865,9114.793945,63.795223,1.025000,3.775000,-0.225000,42048.0000000.000000
0.000000,0.000000,0.000000,0.000000,2004.000000,131.000000,186.000000,2115.000000,147.000000,228.000000,-245.149994,-429.012543,-122.575005,-49.029999,-85.802505,-24.515001,121.349350,26.966490,3375.096191,24.269857,5.393263,675.021362,1795.189697,1481.934082,47396.152344,359.037659,296.386902,9479.250977,65.305183,0.925000,3.800000,-0.275000,42864.0000000.000000
0.000000,0.000000,0.000000,0.000000,2128.000000,129.000000,296.000000,2114.000000,133.000000,251.000000,183.862503,306.437531,245.149994,36.772499,61.287506,49.029999,128.274826,38.182102,3437.977295,25.654953,7.636386,687.597595,1853.129761,1498.502075,48967.792969,370.625549,299.700348,9793.582031,63.698673,1.025000,3.750000,-0.175000,43645.0000000.000000
0.000000,0.000000,0.000000,0.000000,2031.000000,119.000000,284.000000,2132.000000,320.000000,297.000000,-306.437469,-367.725037,-61.287498,-61.287495,-73.545006,-12.257500,126.191055,28.743826,3490.071533,25.238197,5.748730,698.016479,1908.208008,1510.320068,50525.890625,381.641174,302.063843,10105.204102,64.586082,0.950000,3.700000,-0.175000,44482.0000000.000000
0.000000,0.000000,0.000000,0.000000,2043.000000,129.000000,298.000000,2121.000000,131.000000,285.000000,245.149963,183.862518,306.437500,49.029991,36.772503,61.287498,136.916397,39.714291,3557.549072,27.383265,7.942821,711.512085,1970.580200,1527.526733,52146.515625,394.115601,305.505157,10429.334961,64.685829,0.975000,3.825000,-0.375000,45280.0000000.000000
0.000000,0.000000,0.000000,0.000000,2113.000000,130.000000,269.000000,2115.000000,131.000000,284.000000,245.149963,122.575020,367.725006,49.029991,24.515003,73.544998,148.315857,44.188271,3622.697998,29.663160,8.837619,724.541931,2036.390381,1547.254272,53757.074219,407.277618,309.450623,10751.448242,64.770256,0.950000,3.750000,-0.350000,46084.0000000.000000
0.000000,0.000000,0.000000,0.000000,2113.000000,1075.000000,297.000000,2114.000000,129.000000,268.000000,245.149963,122.575020,306.437500,49.029991,24.515003,61.287498,164.311905,51.910492,3694.833496,32.862362,10.382064,738.968994,2113.179199,1570.446777,55560.980469,422.635376,314.089050,11112.231445,64.411888,0.975000,3.750000,-0.475000,46943.0000000.000000
0.000000,0.000000,0.000000,0.000000,2079.000000,133.000000,285.000000,2131.000000,316.000000,291.000000,-306.437469,-122.575020,-61.287498,-61.287495,-24.515003,-12.257500,160.818542,50.071869,3744.660400,32.163681,10.014339,748.934448,2184.073975,1592.422974,57187.042969,436.814392,318.484161,11437.443359,64.504341,0.975000,3.775000,-0.350000,47757.0000000.000000
0.000000,0.000000,0.000000,0.000000,2062.000000,147.000000,316.000000,2132.000000,134.000000,285.000000,490.299988,122.575020,245.149994,98.059998,24.515003,49.029999,175.098511,53.749123,3807.848389,35.019680,10.749790,761.571777,2263.333740,1616.983521,59015.230469,452.666412,323.396240,11803.077148,64.678757,0.950000,3.725000,-0.400000,48548.0000000.000000
0.000000,0.000000,0.000000,0.000000,1999.000000,128.000000,234.000000,2875.000000,132.000000,198.000000,-551.587463,-245.150024,61.287514,-110.317490,-49.030006,12.257503,165.476364,53.136238,3864.723145,33.095253,10.627213,772.946716,2335.091797,1639.671509,60753.457031,467.018066,327.933838,12150.721680,64.054688,1.000000,3.750000,-0.300000,49398.0000000.000000
0.000000,0.000000,0.000000,0.000000,1998.000000,182.000000,297.000000,2152.000000,130.000000,233.000000,-490.299957,-183.862518,0.000006,-98.059990,-36.772503,0.000001,181.411118,61.164894,3921.904297,36.282204,12.232944,784.382996,2421.073730,1668.564941,62534.464844,484.214478,333.712555,12506.921875,63.795223,1.025000,3.775000,-0.275000,50199.0000000.000000
0.000000,0.000000,0.000000,0.000000,2912.000000,134.000000,216.000000,2132.000000,128.000000,266.000000,429.012451,306.437531,306.437500,85.802490,61.287506,61.287498,208.561447,69.377419,3992.568848,41.712269,13.875452,798.515808,2525.019531,1703.082886,64609.449219,505.003632,340.616150,12921.917969,63.698673,1.025000,3.750000,-0.350000,51059.0000000.000000
0.000000,0.000000,0.000000,0.000000,2045.000000,136.000000,218.000000,2233.000000,127.000000,284.000000,-306.437439,-183.862518,0.000006,-61.287487,-36.772503,0.000001,199.613510,60.919731,4037.737549,39.922680,12.183917,807.549500,2608.249023,1727.985962,66346.218750,521.649414,345.596710,13269.276367,63.288315,1.075000,3.825000,-0.375000,51850.0000000.000000
0.000000,0.000000,0.000000,0.000000,2048.000000,133.000000,268.000000,2115.000000,130.000000,285.000000,367.724945,245.150024,367.725006,73.544991,49.030006,73.544998,207.458267,62.635769,4093.325195,41.491642,12.527129,818.666992,2701.402832,1757.113892,68144.718750,540.280273,351.422333,13628.979492,63.698673,1.025000,3.750000,-0.325000,52650.0000000.000000
0.000000,0.000000,0.000000,0.000000,2129.000000,311.000000,297.000000,2111.000000,126.000000,298.000000,-490.299957,-306.437531,-183.862518,-98.059990,-61.287506,-36.772503,195.568497,53.626503,4138.249512,39.113682,10.725277,827.651978,2796.479736,1784.079712,70104.203125,559.295715,356.815582,14020.876953,64.685829,0.975000,3.825000,-0.375000,53482.0000000.000000
0.000000,0.000000,0.000000,0.000000,2043.000000,136.000000,268.000000,2131.000000,128.000000,297.000000,612.874939,367.725037,490.300018,122.574989,73.545006,98.060005,223.025269,69.928993,4213.021973,44.605049,13.985772,842.606323,2907.830078,1819.731812,72167.953125,581.565613,363.946045,14433.629883,64.949867,0.950000,3.800000,-0.375000,54298.0000000.000000
0.000000,0.000000,0.000000,0.000000,2314.000000,136.000000,184.000000,2131.000000,192.000000,297.000000,-612.874939,-306.437531,-122.575005,-122.574989,-61.287506,-24.515001,189.133270,50.316986,4240.235352,37.826656,10.063370,848.048645,2987.215332,1839.918579,74030.109375,597.442749,367.983429,14806.066406,65.218010,0.925000,3.775000,-0.225000,55128.0000000.000000
0.000000,0.000000,0.000000,0.000000,1998.000000,250.000000,296.000000,2330.000000,129.000000,284.000000,612.874939,306.437531,367.725006,122.574989,61.287506,73.544998,173.811417,44.126945,4287.366699,34.762283,8.825361,857.474731,3069.350830,1862.128052,75878.343750,613.869934,372.425232,15175.720703,65.129753,0.925000,3.750000,-0.175000,55935.0000000.000000
0.000000,0.000000,0.000000,0.000000,2033.000000,134.000000,268.000000,2111.000000,126.000000,285.000000,-735.449890,-367.725037,-122.575005,-147.089981,-73.545006,-24.515001,170.195465,40.633556,4342.463867,34.039085,8.126683,868.494324,3139.122803,1877.927490,77767.156250,627.824463,375.585175,15553.484375,65.129753,0.925000,3.750000,-0.275000,56733.0000000.000000
0.000000,0.000000,0.000000,0.000000,2095.000000,309.000000,297.000000,2113.000000,128.000000,299.000000,735.449890,306.437531,183.862488,147.089981,61.287506,36.772499,199.123169,53.136208,4399.034668,39.824635,10.627215,879.807983,3217.398682,1896.649902,79768.953125,643.479614,379.329620,15953.843750,64.770256,0.950000,3.750000,-0.325000,57560.0000000.000000
0.000000,0.000000,0.000000,0.000000,2129.000000,134.000000,285.000000,2184.000000,130.000000,234.000000,858.024841,367.725037,61.287483,171.604965,73.545006,12.257497,213.096695,60.000404,4452.538086,42.619347,12.000055,890.508850,3306.107178,1920.847778,81681.523438,661.221252,384.169128,16336.356445,64.949867,0.950000,3.800000,-0.175000,58358.0000000.000000
0.000000,0.000000,0.000000,0.000000,2080.000000,219.000000,296.000000,55.000000,131.000000,268.000000,858.024841,367.725037,-61.287529,171.604965,73.545006,-12.257505,283.393372,90.031288,4483.549316,56.678699,18.006229,896.711121,3397.449707,1948.151978,83357.710938,679.489807,389.629883,16671.591797,65.680870,0.875000,3.700000,-0.375000,59031.0000000.000000
0.000000,0.000000,0.000000,0.000000,2094.000000,132.000000,285.000000,2112.000000,128.000000,297.000000,-919.312317,-183.862518,245.150024,-183.862457,-36.772503,49.030006,292.831665,84.699280,4546.490234,58.566353,16.939823,909.299500,3517.964844,1985.454590,85569.804688,703.592834,397.090424,17114.005859,65.218010,0.925000,3.775000,-0.325000,59845.0000000.000000
0.000000,0.000000,0.000000,0.000000,2050.000000,134.000000,227.000000,2133.000000,127.000000,296.000000,-796.737366,-429.012543,245.150024,-159.347473,-85.802505,49.030006,303.434357,74.831985,4603.365723,60.686882,14.966366,920.674561,3665.526367,2025.572266,87576.296875,733.105042,405.113922,17515.306641,64.765335,0.925000,3.650000,-0.225000,60734.0000000.000000
0.000000,0.000000,0.000000,0.000000,1998.000000,167.000000,295.000000,2112.000000,127.000000,296.000000,674.162415,429.012543,-61.287529,134.832489,85.802505,-12.257505,238.530884,34.811226,4676.175293,47.706196,6.962220,935.236389,3811.874268,2056.781494,90011.937500,762.374756,411.355835,18002.439453,64.030273,0.975000,3.650000,-0.200000,61545.0000000.000000
0.000000,0.000000,0.000000,0.000000,2129.000000,135.000000,268.000000,2114.000000,131.000000,235.000000,674.162415,245.150024,-183.862549,134.832489,49.030006,-36.772511,223.454147,26.966427,4739.056641,44.690853,5.393260,947.812622,3909.378174,2067.021973,92104.421875,781.875732,413.403931,18420.941406,64.860619,0.950000,3.775000,-0.250000,62348.0000000.000000
0.000000,0.000000,0.000000,0.000000,2027.000000,133.000000,297.000000,2114.000000,133.000000,268.000000,-490.299957,-61.287521,367.725037,-98.059990,-12.257504,73.545006,249.072342,28.130892,4785.268066,49.814495,5.626153,957.054993,4016.701172,2078.706055,94325.851562,803.340149,415.740845,18865.226562,65.218010,0.925000,3.775000,-0.250000,63166.0000000.000000
0.000000,0.000000,0.000000,0.000000,2140.000000,133.000000,269.000000,60.000000,132.000000,267.000000,-551.587463,-122.575020,490.300049,-110.317490,-24.515003,98.060013,272.606720,33.585480,4826.880859,54.521370,6.717071,965.377991,4124.468750,2091.454102,96271.984375,824.893494,418.290558,19254.449219,65.305183,0.925000,3.800000,-0.400000,63835.0000000.000000
0.000000,0.000000,0.000000,0.000000,2002.000000,131.000000,251.000000,346.000000,133.000000,285.000000,-551.587463,-183.862518,429.012543,-110.317490,-36.772503,85.802505,260.655701,30.398531,4882.223145,52.131161,6.079680,976.446899,4220.654297,2103.044189,98020.015625,844.130737,420.608643,19604.062500,65.490372,0.900000,3.750000,-0.275000,64570.0000000.000000
0.000000,0.000000,0.000000,0.000000,2064.000000,134.000000,200.000000,2114.000000,131.000000,283.000000,-551.587463,-183.862518,490.300049,-110.317490,-36.772503,98.060013,298.531433,43.452774,4919.545898,59.706291,8.690527,983.912048,4342.944824,2119.774414,100151.828125,868.588867,423.954407,20030.421875,64.770256,0.950000,3.750000,-0.200000,65361.0000000.000000
0.000000,0.000000,0.000000,0.000000,2003.000000,134.000000,284.000000,2114.000000,129.000000,292.000000,-551.587463,-122.575020,429.012512,-110.317490,-24.515003,85.802505,300.737823,46.517155,4976.054688,60.147564,9.303405,995.213440,4497.791504,2145.486328,102458.750000,899.558228,429.096680,20491.806641,64.504341,0.975000,3.775000,-0.150000,66176.0000000.000000
0.000000,0.000000,0.000000,0.000000,2060.000000,138.000000,267.000000,62.000000,130.000000,296.000000,-551.587463,-61.287521,429.012512,-110.317490,-12.257504,85.802505,317.530609,55.403851,5013.563965,63.506138,11.080744,1002.715088,4612.708496,2164.339111,104296.484375,922.541321,432.867096,20859.357422,65.936081,0.875000,3.775000,-0.300000,66876.0000000.000000
0.000000,0.000000,0.000000,0.000000,2128.000000,135.000000,297.000000,61.000000,132.000000,284.000000,674.162415,0.000021,-245.150024,134.832489,0.000004,-49.030006,359.022247,59.816551,5037.834473,71.804459,11.963285,1007.569214,4740.278320,2185.892822,106134.195312,948.055420,437.177917,21226.896484,64.318291,0.975000,3.725000,-0.175000,67556.0000000.000000
0.000000,0.000000,0.000000,0.000000,2045.000000,132.000000,201.000000,60.000000,131.000000,200.000000,-674.162415,-0.000021,551.587524,-134.832489,-0.000004,110.317505,327.397858,63.984097,5104.395020,65.479568,12.796795,1020.880981,4867.673340,2208.851318,108037.070312,973.534424,441.769653,21607.464844,65.490372,0.900000,3.750000,-0.175000,68216.0000000.000000
0.000000,0.000000,0.000000,0.000000,2099.000000,133.000000,268.000000,105.000000,128.000000,251.000000,-735.449890,122.574982,551.587524,-147.089981,24.514996,110.317505,349.461395,63.371223,5139.820312,69.892273,12.674218,1027.965698,4999.706055,2234.569824,110045.710938,999.940552,446.913269,22009.197266,63.959000,1.000000,3.725000,-0.350000,68883.0000000.000000
0.000000,0.000000,0.000000,0.000000,2066.000000,134.000000,296.000000,112.000000,129.000000,267.000000,796.737366,-122.574989,-183.862518,159.347473,-24.514997,-36.772503,331.320343,71.951485,5187.133301,66.264053,14.390268,1037.428467,5110.028809,2257.160400,111729.453125,1022.004944,451.431274,22345.943359,64.860619,0.950000,3.775000,-0.225000,69567.0000000.000000
0.000000,0.000000,0.000000,0.000000,2045.000000,141.000000,251.000000,2386.000000,131.000000,285.000000,-796.737366,122.574989,367.725006,-159.347473,24.514997,73.544998,241.166382,86.966911,5276.614258,48.233273,17.393354,1055.323853,5239.451172,2293.819580,114127.429688,1047.889771,458.763214,22825.542969,64.595650,0.975000,3.800000,-0.225000,70413.0000000.000000
0.000000,0.000000,0.000000,0.000000,2126.000000,134.000000,283.000000,55.000000,132.000000,284.000000,858.024841,-61.287491,-306.437531,171.604965,-12.257498,-61.287506,276.284027,82.738083,5310.812988,55.256821,16.547588,1062.163452,5335.379395,2323.545654,116022.500000,1067.075439,464.708405,23204.562500,63.698673,1.025000,3.750000,-0.350000,71085.0000000.000000
0.000000,0.000000,0.000000,0.000000,1998.000000,133.000000,285.000000,113.000000,136.000000,420.000000,-980.599792,-61.287510,490.300018,-196.119965,-12.257502,98.060005,170.746964,88.928131,5403.358398,34.149418,17.785597,1080.672485,5412.051758,2356.676025,118051.804688,1082.409790,471.334473,23610.427734,64.678757,0.950000,3.725000,-0.325000,71777.0000000.000000
0.000000,0.000000,0.000000,0.000000,2095.000000,134.000000,285.000000,313.000000,132.000000,235.000000,1041.887329,183.862518,-245.150024,208.377472,36.772503,-49.030006,259.736389,100.450188,5419.785156,51.947308,20.090008,1083.957520,5503.452148,2394.511719,120220.335938,1100.689941,478.901550,24044.132812,64.054688,1.000000,3.750000,-0.250000,72454.0000000.000000
0.000000,0.000000,0.000000,0.000000,2013.000000,134.000000,296.000000,110.000000,131.000000,296.000000,980.599854,306.437531,-245.150024,196.119965,61.287506,-49.030006,380.350220,137.222672,5426.466797,76.070068,27.444511,1085.293335,5625.868164,2440.257812,122337.476562,1125.172974,488.050751,24467.564453,64.949867,0.950000,3.800000,-0.300000,73145.0000000.000000
0.000000,0.000000,0.000000,0.000000,2160.000000,300.000000,207.000000,2113.000000,131.000000,198.000000,-980.599854,-306.437531,490.300018,-196.119965,-61.287506,98.060005,416.448608,150.889786,5471.943848,83.289742,30.177933,1094.388550,5828.599609,2513.167480,124965.968750,1165.718994,502.632751,24993.267578,64.318291,0.975000,3.725000,-0.350000,73954.0000000.000000
0.000000,0.000000,0.000000,0.000000,2001.000000,198.000000,337.000000,2111.000000,198.000000,299.000000,980.599854,429.012543,-122.575005,196.119965,85.802505,-24.515001,514.937683,187.600998,5512.270996,102.987526,37.520164,1102.453857,6123.819824,2620.238770,128200.695312,1224.763184,524.046875,25640.212891,64.054688,1.000000,3.750000,-0.350000,74782.0000000.000000
0.000000,0.000000,0.000000,0.000000,2027.000000,216.000000,299.000000,2111.000000,130.000000,344.000000,-1041.887329,-551.587524,429.012512,-208.377472,-110.317505,85.802505,540.126953,207.151718,5560.625977,108.025352,41.430290,1112.124756,6351.511230,2704.439697,130695.609375,1270.301758,540.887268,26139.197266,62.681007,1.075000,3.675000,-0.300000,75579.0000000.000000
0.000000,0.000000,0.000000,0.000000,2148.000000,136.000000,347.000000,2133.000000,206.000000,299.000000,-1164.462280,-612.875000,429.012512,-232.892456,-122.574997,85.802505,546.684692,209.603195,5615.601074,109.336922,41.920593,1123.119629,6617.935547,2808.101562,133331.015625,1323.586792,561.619751,26666.281250,63.244068,1.050000,3.725000,-0.350000,76422.0000000.000000
0.000000,0.000000,0.000000,0.000000,1998.000000,232.000000,207.000000,2112.000000,128.000000,348.000000,1225.749756,796.737427,-122.575005,245.149948,159.347488,-24.515001,605.091675,247.662766,5664.694336,121.018326,49.532505,1132.937256,6897.547363,2919.208984,136049.734375,1379.508667,583.841309,27210.021484,64.586082,0.950000,3.700000,-0.325000,77234.0000000.000000
0.000000,0.000000,0.000000,0.000000,2002.000000,248.000000,335.000000,2110.000000,130.000000,347.000000,-1164.462280,-735.449951,429.012512,-232.892456,-147.089996,85.802505,389.114624,104.801605,5793.337402,77.822899,20.960276,1158.665771,7180.271484,3008.432129,139672.359375,1436.053223,601.685913,27934.546875,64.318291,0.975000,3.725000,-0.350000,78039.0000000.000000
0.000000,0.000000,0.000000,0.000000,2001.000000,138.000000,331.000000,2112.000000,281.000000,223.000000,-1225.749756,-674.162476,429.012512,-245.149948,-134.832489,85.802505,330.217285,67.845253,5873.134766,66.043449,13.569001,1174.624878,7370.864258,3057.764893,142599.343750,1474.171631,611.552490,28519.955078,65.129753,0.925000,3.750000,-0.350000,78854.0000000.000000
0.000000,0.000000,0.000000,0.000000,2014.000000,231.000000,348.000000,2114.000000,198.000000,215.000000,1103.174805,674.162476,0.000006,220.634964,134.832489,0.000001,412.587677,113.688301,5916.525879,82.517509,22.737612,1183.303589,7554.599121,3104.062256,145415.421875,1510.918579,620.812012,29083.181641,64.678757,0.950000,3.725000,-0.375000,79639.0000000.000000
0.000000,0.000000,0.000000,0.000000,2028.000000,136.000000,198.000000,2110.000000,198.000000,232.000000,-1041.887329,-735.449951,306.437500,-208.377472,-147.089996,61.287498,394.262665,103.637146,5981.919434,78.852524,20.727386,1196.382446,7761.245117,3163.702148,148348.265625,1552.247681,632.739990,29669.753906,65.040382,0.925000,3.725000,-0.225000,80421.0000000.000000
0.000000,0.000000,0.000000,0.000000,2265.000000,299.000000,317.000000,2110.000000,465.000000,282.000000,-919.312378,-735.449951,429.012512,-183.862473,-147.089996,85.802505,341.861877,58.161804,6060.428711,68.372375,11.632322,1212.084106,7956.780762,3212.393066,151363.109375,1591.355103,642.478149,30272.732422,65.040382,0.925000,3.725000,-0.250000,81241.0000000.000000
0.000000,0.000000,0.000000,0.000000,2003.000000,300.000000,255.000000,2113.000000,136.000000,347.000000,-980.599854,-674.162476,551.587524,-196.119965,-134.832489,110.317505,453.650299,150.460800,6089.233398,90.730057,30.092117,1217.845093,8188.623047,3287.237061,154495.640625,1637.723633,657.446716,30899.242188,65.129753,0.925000,3.750000,-0.300000,82060.0000000.000000
0.000000,0.000000,0.000000,0.000000,2131.000000,299.000000,347.000000,2114.000000,232.000000,299.000000,-1041.887329,-674.162476,551.587524,-208.377472,-134.832489,110.317505,385.069580,97.569679,6186.681152,77.013908,19.513899,1237.334717,8440.595703,3370.623291,157863.468750,1688.118530,674.123962,31572.804688,65.490372,0.900000,3.750000,-0.475000,82884.0000000.000000
0.000000,0.000000,0.000000,0.000000,2080.000000,206.000000,299.000000,2110.000000,196.000000,207.000000,1041.887329,674.162476,-306.437531,208.377472,134.832489,-61.287506,410.442566,114.362450,6247.049805,82.088509,22.872448,1249.408691,8669.676758,3432.080566,161426.203125,1733.934692,686.415405,32285.355469,64.223488,0.975000,3.700000,-0.400000,83705.0000000.000000
0.000000,0.000000,0.000000,0.000000,2001.000000,124.000000,347.000000,2133.000000,206.000000,332.000000,1041.887329,612.875000,-245.150024,208.377472,122.574997,-49.030006,414.242401,115.526894,6327.397949,82.848465,23.105341,1265.477783,8895.507812,3487.431641,165194.875000,1779.100952,697.485657,33039.089844,64.860619,0.950000,3.775000,-0.450000,84571.0000000.000000
0.000000,0.000000,0.000000,0.000000,1999.000000,249.000000,205.000000,2113.000000,135.000000,348.000000,1041.887329,490.300018,-429.012634,208.377472,98.060005,-85.802528,448.502167,129.194016,6372.627441,89.700417,25.838766,1274.524170,9098.661133,3541.646973,168356.484375,1819.732056,708.328735,33671.410156,65.576508,0.900000,3.775000,-0.350000,85445.0000000.000000
0.000000,0.000000,0.000000,0.000000,2064.000000,215.000000,300.000000,2114.000000,137.000000,336.000000,980.599854,367.725006,-429.012665,196.119965,73.544998,-85.802536,369.931610,93.218254,6473.629883,73.986305,18.643618,1294.724731,9281.833984,3589.863770,171341.312500,1856.366821,717.972046,34268.382812,65.129753,0.925000,3.750000,-0.400000,86244.0000000.000000
0.000000,0.000000,0.000000,0.000000,2065.000000,136.000000,348.000000,2123.000000,142.000000,300.000000,1041.887329,306.437500,-551.587646,208.377472,61.287498,-110.317528,259.307648,60.000423,6606.071289,51.861526,12.000050,1321.213501,9447.948242,3630.390869,174660.375000,1889.589844,726.077515,34932.195312,65.403145,0.900000,3.725000,-0.350000,87073.0000000.000000
0.000000,0.000000,0.000000,0.000000,2002.000000,213.000000,206.000000,2110.000000,141.000000,347.000000,1103.174805,429.012512,-429.012695,220.634964,85.802505,-85.802536,226.396255,51.910469,6700.944336,45.279251,10.382061,1340.188477,9577.683594,3660.466309,178377.171875,1915.537109,732.092590,35675.562500,63.862095,1.000000,3.700000,-0.400000,87891.0000000.000000
0.000000,0.000000,0.000000,0.000000,1998.000000,74.000000,241.000000,2113.000000,140.000000,348.000000,-1041.887329,-367.725006,612.875244,-208.377472,-73.544998,122.575050,100.940773,3.432060,6837.492676,20.188154,0.686378,1367.498535,9652.912109,3669.845215,182136.562500,1930.582275,733.968445,36427.437500,64.949867,0.925000,3.700000,-0.375000,88724.0000000.000000
0.000000,0.000000,0.000000,0.000000,2066.000000,206.000000,299.000000,2112.000000,142.000000,0.000000,1348.324707,490.300018,-612.875183,269.664948,98.060005,-122.575035,-88.253677,-50.010635,7079.024902,-17.650742,-10.002161,1415.805420,9668.818359,3647.722656,189922.375000,1933.764404,729.544006,37984.609375,64.504341,0.975000,3.775000,-0.425000,90525.0000000.000000
0.000000,0.000000,0.000000,0.000000,2060.000000,133.000000,196.000000,2110.000000,140.000000,343.000000,1532.187134,551.587524,-490.300201,306.437439,110.317505,-98.060043,-33.340096,-30.398640,7112.304199,-6.668025,-6.079762,1422.461914,9632.224609,3626.621094,193056.640625,1926.446411,725.323608,38611.468750,64.770256,0.950000,3.750000,-0.325000,91324.0000000.000000
0.000000,0.000000,0.000000,0.000000,2029.000000,132.000000,348.000000,2272.000000,142.000000,347.000000,1287.037231,612.875000,-490.300201,257.407440,122.574997,-98.060043,-134.464462,-70.174232,7237.146973,-26.892897,-14.034883,1447.430664,9565.262695,3590.466064,197170.250000,1913.053711,718.092834,39434.195312,63.795223,1.025000,3.775000,-0.175000,92142.0000000.000000
0.000000,0.000000,0.000000,0.000000,1998.000000,198.000000,299.000000,2113.000000,0.000000,333.000000,-1470.899658,-612.875000,735.450195,-294.179932,-122.574997,147.090042,-65.638611,-40.817520,7331.713867,-13.127728,-8.163541,1466.344238,9462.010742,3533.028564,204320.093750,1892.403687,706.605347,40864.167969,65.040382,0.925000,3.725000,-0.175000,93920.0000000.000000
0.000000,0.000000,0.000000,0.000000,2002.000000,197.000000,299.000000,2131.000000,138.000000,347.000000,-1409.612183,-490.300018,735.450317,-281.922424,-98.060005,147.090057,-151.563660,-69.254929,7430.080566,-30.312740,-13.851018,1486.017944,9419.684570,3509.600342,208175.281250,1883.938354,701.919983,41635.203125,63.600925,1.025000,3.725000,-0.400000,94734.0000000.000000
0.000000,0.000000,0.000000,0.000000,2000.000000,214.000000,333.000000,2113.000000,140.000000,348.000000,1470.899658,490.300018,-490.300446,294.179932,98.060005,-98.060089,-206.415955,-87.518608,7524.523926,-41.283207,-17.503756,1504.906860,9330.199219,3469.564941,212366.609375,1866.041138,693.912903,42473.460938,64.770256,0.950000,3.750000,-0.450000,95586.0000000.000000
0.000000,0.000000,0.000000,0.000000,2077.000000,134.000000,349.000000,2113.000000,143.000000,347.000000,-1348.324707,-551.587524,612.875488,-269.664948,-110.317505,122.575096,-199.245300,-81.022133,7583.175293,-39.849075,-16.204462,1516.637329,9222.621094,3425.786621,215953.125000,1844.525513,685.157166,43190.769531,64.860619,0.950000,3.775000,-0.275000,96407.0000000.000000
0.000000,0.000000,0.000000,0.000000,3063.000000,265.000000,190.000000,2109.000000,142.000000,348.000000,1287.037231,612.875000,-367.725494,257.407440,122.574997,-73.545097,-195.384186,-73.974083,7642.929199,-39.076855,-14.794850,1528.588379,9141.578125,3394.290527,219655.703125,1828.317139,678.857910,43931.292969,64.411888,0.975000,3.750000,-0.375000,97294.0000000.000000
0.000000,0.000000,0.000000,0.000000,2001.000000,214.000000,348.000000,2110.000000,198.000000,299.000000,-1348.324707,-612.875000,674.162964,-269.664948,-122.574997,134.832596,-138.693253,-46.272144,7678.966309,-27.738667,-9.254462,1535.795898,9057.416016,3363.564453,223388.312500,1811.484985,672.712463,44677.835938,64.770256,0.950000,3.750000,-0.250000,98103.0000000.000000
0.000000,0.000000,0.000000,0.000000,2045.000000,249.000000,317.000000,2114.000000,197.000000,334.000000,-1409.612183,-735.449951,735.450562,-281.922424,-147.089996,147.090118,-82.308769,-18.079897,7720.763184,-16.461769,-3.616013,1544.155884,9041.363281,3366.477295,227329.687500,1808.275024,673.295105,45466.101562,65.576508,0.900000,3.775000,-0.275000,98909.0000000.000000
0.000000,0.000000,0.000000,0.000000,2348.000000,300.000000,316.000000,2113.000000,173.000000,299.000000,1348.324707,674.162476,-429.013123,269.664948,134.832489,-85.802628,-105.352867,-27.640753,7792.408203,-21.070589,-5.528182,1558.485107,8991.304688,3353.677246,231155.890625,1798.263428,670.735046,46231.347656,64.411888,0.975000,3.750000,-0.325000,99741.0000000.000000
0.000000,0.000000,0.000000,0.000000,1999.000000,231.000000,205.000000,2110.000000,142.000000,347.000000,-1348.324707,-551.587524,612.875732,-269.664948,-110.317505,122.575150,-126.926079,-35.608135,7870.794922,-25.385231,-7.121657,1574.162476,8923.019531,3333.725586,235357.078125,1784.605957,666.744568,47071.589844,64.149200,1.000000,3.775000,-0.225000,100573.0000000.000000
0.000000,0.000000,0.000000,0.000000,2047.000000,134.000000,343.000000,2110.000000,215.000000,316.000000,1348.324707,612.875000,-367.725739,269.664948,122.574997,-73.545151,-240.185333,-80.593163,7981.111816,-48.037098,-16.118664,1596.226196,8823.745117,3302.120361,239685.531250,1764.750854,660.423462,47937.285156,65.490372,0.900000,3.750000,-0.250000,101377.0000000.000000
0.000000,0.000000,0.000000,0.000000,2010.000000,133.000000,347.000000,2113.000000,142.000000,282.000000,1348.324707,674.162476,-429.013336,269.664948,134.832489,-85.802666,-214.567200,-66.558319,8032.163574,-42.913460,-13.311697,1606.437134,8707.466797,3263.378174,243492.500000,1741.494629,652.674866,48698.679688,65.391266,0.925000,3.825000,-0.350000,102183.0000000.000000
0.000000,0.000000,0.000000,0.000000,3026.000000,300.000000,240.000000,2113.000000,143.000000,348.000000,-1348.324707,-735.449951,674.163330,-269.664948,-147.089996,134.832672,-191.952087,-51.113865,8088.241699,-38.390434,-10.222807,1617.652832,8590.399414,3227.869141,247777.187500,1718.081543,645.573120,49555.621094,64.770256,0.950000,3.750000,-0.350000,103077.0000000.000000
0.000000,0.000000,0.000000,0.000000,2063.000000,206.000000,299.000000,2110.000000,195.000000,238.000000,-1164.462280,-735.449951,612.875916,-232.892456,-147.089996,122.575180,-266.784119,-98.489105,8188.201172,-53.356834,-19.697853,1637.645142,8490.014648,3201.580811,252139.390625,1698.004272,640.315247,50428.058594,64.586082,0.950000,3.700000,-0.325000,103903.0000000.000000
0.000000,0.000000,0.000000,0.000000,2001.000000,120.000000,348.000000,2110.000000,197.000000,347.000000,-1164.462280,-796.737427,735.450928,-232.892456,-159.347488,147.090179,-219.041183,-69.745262,8231.775391,-43.808231,-13.949086,1646.360474,8390.298828,3172.764404,256170.875000,1678.061279,634.551880,51234.363281,64.949867,0.950000,3.800000,-0.300000,104717.0000000.000000
0.000000,0.000000,0.000000,0.000000,2316.000000,282.000000,300.000000,2113.000000,143.000000,347.000000,980.599854,858.024902,-429.013458,196.119965,171.604980,-85.802689,-206.967545,-54.668552,8291.838867,-41.393505,-10.933740,1658.372925,8267.769531,3131.271729,260694.828125,1653.555176,626.253418,52139.156250,64.860619,0.950000,3.775000,-0.450000,105540.0000000.000000
0.000000,0.000000,0.000000,0.000000,1997.000000,215.000000,300.000000,2110.000000,0.000000,299.000000,-1225.749756,-796.737427,735.450928,-245.149948,-159.347488,147.090179,-196.609955,-47.559216,8417.298828,-39.321995,-9.511874,1683.464233,8021.263672,3055.804688,270134.718750,1604.254272,611.160217,54027.132812,64.770256,0.950000,3.750000,-0.175000,107353.0000000.000000
0.000000,0.000000,0.000000,0.000000,2001.000000,231.000000,340.000000,2109.000000,142.000000,349.000000,1164.462280,796.737427,-490.300873,232.892456,159.347488,-98.060173,-202.003265,-46.210892,8488.946289,-40.400654,-9.242209,1697.793335,7924.745117,3038.038086,274627.406250,1584.950684,607.606934,54925.656250,65.040382,0.925000,3.725000,-0.225000,108169.0000000.000000
0.000000,0.000000,0.000000,0.000000,1998.000000,197.000000,346.000000,2110.000000,232.000000,299.000000,-1225.749756,-735.449951,674.163452,-245.149948,-147.089996,134.832687,-309.807983,-115.159317,8609.931641,-61.961586,-23.031898,1721.989868,7778.069824,2987.935303,279173.875000,1555.615723,597.586182,55834.953125,64.054688,1.000000,3.750000,-0.275000,108973.0000000.000000
0.000000,0.000000,0.000000,0.000000,2079.000000,133.000000,348.000000,2113.000000,142.000000,348.000000,-1164.462280,-735.449951,674.163513,-232.892456,-147.089996,134.832703,-182.268723,-35.424278,8617.039062,-36.453743,-7.084891,1723.411865,7655.330078,2950.833008,283668.500000,1531.067749,590.165771,56733.890625,64.223488,0.975000,3.700000,-0.275000,109794.0000000.000000
0.000000,0.000000,0.000000,0.000000,3116.000000,282.000000,341.000000,2109.000000,143.000000,348.000000,-1164.462280,-735.449951,858.026062,-232.892456,-147.089996,171.605209,-45.168633,52.155548,8625.496094,-9.033721,10.431077,1725.103760,7606.584473,2966.351318,288663.250000,1521.318726,593.269470,57732.835938,64.595650,0.975000,3.800000,-0.300000,110690.0000000.000000
0.000000,0.000000,0.000000,0.000000,2028.000000,206.000000,299.000000,2109.000000,142.000000,341.000000,-1164.462280,-735.449951,919.313599,-232.892456,-147.089996,183.862717,-37.323837,58.345562,8689.113281,-7.464762,11.669084,1737.827271,7596.138672,3004.656006,293399.781250,1519.229492,600.930481,58680.156250,63.862095,1.000000,3.700000,-0.325000,111561.0000000.000000
0.000000,0.000000,0.000000,0.000000,2007.000000,133.000000,348.000000,2113.000000,142.000000,348.000000,-1164.462280,-674.162476,735.451050,-232.892456,-134.832489,147.090210,-170.011261,-20.899170,8833.508789,-34.002251,-4.179864,1766.706177,7544.901367,3016.277832,298025.718750,1508.982056,603.254883,59605.343750,64.949867,0.925000,3.700000,-0.325000,112392.0000000.000000
0.000000,0.000000,0.000000,0.000000,1997.000000,131.000000,340.000000,2113.000000,143.000000,253.000000,1103.174805,612.875000,-429.013580,220.634964,122.574997,-85.802719,-111.236549,16.363628,8878.188477,-22.247313,3.272695,1775.642212,7489.048340,3028.157227,302973.906250,1497.811646,605.630798,60594.984375,65.038010,0.950000,3.825000,-0.400000,113248.0000000.000000
0.000000,0.000000,0.000000,0.000000,1996.000000,213.000000,300.000000,2109.000000,141.000000,343.000000,1164.462280,551.587524,-490.301056,232.892456,110.317505,-98.060211,-111.236580,16.670067,8932.307617,-22.247311,3.333982,1786.465576,7424.409180,3028.371094,307077.625000,1484.884033,605.673767,61415.726562,64.411888,0.975000,3.750000,-0.375000,114043.0000000.000000
0.000000,0.000000,0.000000,0.000000,2006.000000,299.000000,299.000000,2132.000000,143.000000,348.000000,980.599854,551.587524,-429.013580,196.119965,110.317505,-85.802719,-97.324287,29.356573,8990.406250,-19.464863,5.871284,1798.086060,7333.875977,3022.855713,311820.468750,1466.777588,604.570801,62364.292969,65.391266,0.925000,3.825000,-0.375000,114886.0000000.000000
0.000000,0.000000,0.000000,0.000000,1998.000000,131.000000,340.000000,2113.000000,331.000000,299.000000,-1103.174805,-551.587524,735.451050,-220.634964,-110.317505,147.090210,-166.211441,-6.496618,9089.447266,-33.242290,-1.299354,1817.894409,7262.682617,3024.667480,316245.312500,1452.538818,604.933105,63249.269531,65.576508,0.900000,3.775000,-0.300000,115702.0000000.000000
0.000000,0.000000,0.000000,0.000000,1996.000000,195.000000,348.000000,2289.000000,282.000000,239.000000,1164.462280,612.875000,-551.588501,232.892456,122.574997,-110.317703,-55.771378,50.316898,9097.233398,-11.154280,10.063350,1819.451172,7207.321777,3040.134521,321298.562500,1441.466553,608.026428,64259.921875,65.225319,0.900000,3.675000,-0.475000,116540.0000000.000000
0.000000,0.000000,0.000000,0.000000,2029.000000,131.000000,347.000000,2132.000000,142.000000,347.000000,1225.749756,674.162476,-490.301025,245.149948,134.832489,-98.060204,-136.793427,13.176676,9208.347656,-27.358690,2.635303,1841.674194,7141.546387,3049.325439,326204.218750,1428.311401,609.864624,65241.074219,64.949867,0.950000,3.800000,-0.300000,117403.0000000.000000
0.000000,0.000000,0.000000,0.000000,2001.000000,213.000000,332.000000,2301.000000,282.000000,299.000000,-1164.462280,-612.875000,674.163574,-232.892456,-122.574997,134.832718,-150.950851,7.538227,9289.369141,-30.190176,1.507613,1857.878662,7058.608398,3054.278076,331459.437500,1411.723755,610.855042,66292.140625,65.129753,0.925000,3.750000,-0.325000,118217.0000000.000000
0.000000,0.000000,0.000000,0.000000,2012.000000,222.000000,316.000000,2113.000000,232.000000,222.000000,1225.749756,612.875000,-245.151123,245.149948,122.574997,-49.030224,-131.706589,18.569977,9337.968750,-26.341322,3.713962,1867.599243,7003.646484,3066.224854,335814.218750,1400.731079,613.244629,67163.070312,64.949867,0.950000,3.800000,-0.300000,119042.0000000.000000
0.000000,0.000000,0.000000,0.000000,2029.000000,133.000000,214.000000,56.000000,141.000000,347.000000,-1041.887329,-612.875000,367.726105,-208.377472,-122.574997,73.545219,-138.080460,15.505600,9389.326172,-27.616102,3.101087,1877.870850,6945.994141,3071.283691,339570.406250,1389.200806,614.256409,67914.312500,64.411888,0.975000,3.750000,-0.300000,119756.0000000.000000
0.000000,0.000000,0.000000,0.000000,2054.000000,248.000000,300.000000,2109.000000,141.000000,344.000000,-1041.887329,-612.875000,367.726105,-208.377472,-122.574997,73.545219,-122.390869,25.189030,9441.540039,-24.478184,5.037771,1888.314087,6900.798340,3088.129150,343795.562500,1380.161621,617.625244,68759.343750,64.770256,0.950000,3.750000,-0.325000,120559.0000000.000000
0.000000,0.000000,0.000000,0.000000,1998.000000,133.000000,348.000000,2128.000000,140.000000,334.000000,-1041.887329,-612.875000,306.438599,-208.377472,-122.574997,61.287720,-270.155029,-57.549088,9539.231445,-54.031013,-11.509852,1907.852539,6802.090332,3086.544434,349194.593750,1360.420532,617.308289,69839.156250,64.054688,1.000000,3.750000,-0.350000,121379.0000000.000000
0.000000,0.000000,0.000000,0.000000,1997.000000,248.000000,298.000000,2132.000000,140.000000,347.000000,-980.599854,-735.449951,306.438599,-196.119965,-147.089996,61.287720,-244.659393,-39.285423,9589.612305,-48.931896,-7.857116,1917.927734,6681.544434,3063.411865,353651.968750,1336.310913,612.681824,70730.625000,65.040382,0.925000,3.725000,-0.325000,122194.0000000.000000
0.000000,0.000000,0.000000,0.000000,2001.000000,265.000000,348.000000,2109.000000,232.000000,299.000000,-1041.887329,-612.875000,367.726105,-208.377472,-122.574997,73.545219,-248.520584,-43.207829,9651.575195,-49.704113,-8.641598,1930.319824,6563.046875,3041.471680,358107.875000,1312.611572,608.293518,71621.781250,65.403145,0.900000,3.725000,-0.425000,123007.0000000.000000
0.000000,0.000000,0.000000,0.000000,2079.000000,206.000000,333.000000,54.000000,143.000000,156.000000,-1164.462280,-551.587524,245.151093,-232.892456,-110.317505,49.030220,-294.486176,-63.800426,9697.114258,-58.897240,-12.760118,1939.426636,6477.855957,3029.138184,361607.375000,1295.573120,605.826843,72321.710938,65.576508,0.900000,3.775000,-0.400000,123709.0000000.000000
0.000000,0.000000,0.000000,0.000000,2002.000000,317.000000,350.000000,2113.000000,142.000000,157.000000,-1103.174805,-490.300018,183.863586,-220.634964,-98.060005,36.772717,-180.062378,-9.254545,9753.745117,-36.012493,-1.850941,1950.752441,6389.422852,3028.128418,366846.500000,1277.886475,605.624756,73369.562500,64.411888,0.975000,3.750000,-0.350000,124541.0000000.000000
0.000000,0.000000,0.000000,0.000000,2094.000000,132.000000,348.000000,2109.000000,197.000000,346.000000,-1164.462280,-490.300018,61.288582,-232.892456,-98.060005,12.257716,-66.803108,39.285152,9822.510742,-13.360640,7.856999,1964.505615,6314.363770,3031.609131,371946.093750,1262.874634,606.320984,74389.507812,66.214867,0.850000,3.750000,-0.375000,125385.0000000.000000
0.000000,0.000000,0.000000,0.000000,2133.000000,283.000000,316.000000,2131.000000,143.000000,158.000000,-1287.037231,-429.012512,-61.286430,-257.407440,-85.802505,-12.257286,-88.315010,31.869362,9882.758789,-17.663019,6.373841,1976.554565,6292.494629,3056.832764,376974.187500,1258.500732,611.365601,75395.125000,64.586082,0.950000,3.700000,-0.225000,126211.0000000.000000
0.000000,0.000000,0.000000,0.000000,1999.000000,214.000000,347.000000,2112.000000,232.000000,300.000000,-1287.037231,-367.725006,-61.286430,-257.407440,-73.544998,-12.257286,-97.324272,31.808067,9942.271484,-19.464870,6.361584,1988.456177,6267.364746,3078.194580,381726.062500,1253.474609,615.638000,76345.507812,64.149200,1.000000,3.775000,-0.275000,127023.0000000.000000
0.000000,0.000000,0.000000,0.000000,2095.000000,207.000000,333.000000,2112.000000,143.000000,0.000000,-1409.612183,-429.012512,61.288582,-281.922424,-85.802505,12.257716,60.552311,85.679794,10086.603516,12.110444,17.135927,2017.322510,6278.078125,3147.704346,392169.625000,1255.617554,629.539978,78434.195312,64.586082,0.950000,3.700000,-0.350000,128830.0000000.000000
0.000000,0.000000,0.000000,0.000000,2030.000000,216.000000,299.000000,2109.000000,142.000000,334.000000,1470.899658,367.725006,183.861420,294.179932,73.544998,36.772285,190.481766,121.410423,10153.164062,38.096340,24.282043,2030.634033,6342.905762,3198.422852,396917.156250,1268.583130,639.683594,79383.718750,64.678757,0.950000,3.725000,-0.450000,129629.0000000.000000
0.000000,0.000000,0.000000,0.000000,2260.000000,300.000000,348.000000,2133.000000,415.000000,215.000000,-1470.899658,-367.725006,0.001074,-294.179932,-73.544998,0.000215,65.455322,90.153801,10215.004883,13.091044,18.030718,2043.001709,6403.891602,3251.523682,402143.000000,1280.780273,650.303589,80428.914062,64.949867,0.925000,3.700000,-0.275000,130458.0000000.000000
0.000000,0.000000,0.000000,0.000000,2099.000000,130.000000,437.000000,2112.000000,145.000000,348.000000,-1470.899658,-367.725006,-61.286430,-294.179932,-73.544998,-12.257286,106.395363,101.859703,10278.988281,21.279053,20.371901,2055.798828,6437.079590,3294.371826,406907.906250,1287.417603,658.873535,81381.906250,64.860619,0.950000,3.775000,-0.325000,131276.0000000.000000
0.000000,0.000000,0.000000,0.000000,1997.000000,265.000000,348.000000,2109.000000,145.000000,347.000000,-1593.474609,-367.725006,-122.573936,-318.694916,-73.544998,-24.514788,263.842957,141.941727,10370.366211,52.768562,28.388306,2074.074219,6551.878418,3362.115234,412248.718750,1310.377563,672.422058,82450.101562,63.698673,1.025000,3.750000,-0.400000,132102.0000000.000000
0.000000,0.000000,0.000000,0.000000,2077.000000,132.000000,346.000000,2109.000000,248.000000,339.000000,1532.187134,306.437500,490.298950,306.437439,61.287498,98.059792,181.962891,128.029495,10406.034180,36.392544,25.605852,2081.208496,6692.990723,3435.898682,417429.062500,1338.600098,687.178955,83486.164062,65.767029,0.875000,3.725000,-0.325000,132926.0000000.000000
0.000000,0.000000,0.000000,0.000000,2311.000000,299.000000,300.000000,2131.000000,144.000000,347.000000,1593.474609,306.437500,429.011444,318.694916,61.287498,85.802292,33.647156,99.224380,10445.257812,6.729401,19.844826,2089.053711,6746.875488,3495.404785,422955.250000,1349.376953,699.080139,84591.421875,65.129753,0.925000,3.750000,-0.250000,133767.0000000.000000
0.000000,0.000000,0.000000,0.000000,1996.000000,265.000000,342.000000,2117.000000,143.000000,348.000000,1593.474609,183.862488,429.011444,318.694916,36.772499,85.802292,-130.848465,69.806374,10479.699219,-26.169724,13.961224,2095.942139,6686.921875,3536.229004,428797.250000,1337.385986,707.245117,85759.812500,64.860619,0.950000,3.775000,-0.225000,134596.0000000.000000
0.000000,0.000000,0.000000,0.000000,2077.000000,205.000000,282.000000,2289.000000,282.000000,333.000000,-1593.474609,-183.862488,-245.148987,-318.694916,-36.772499,-49.029797,-178.101105,63.800217,10534.856445,-35.620247,12.759989,2106.974121,6620.137695,3572.266357,434265.406250,1324.028687,714.452332,86853.453125,65.218010,0.925000,3.775000,-0.375000,135425.0000000.000000
0.000000,0.000000,0.000000,0.000000,2060.000000,132.000000,347.000000,2133.000000,141.000000,282.000000,-1593.474609,-245.149994,-306.436493,-318.694916,-49.029999,-61.287300,-101.614304,72.503044,10613.607422,-20.322891,14.500555,2122.725586,6584.590820,3611.960205,439762.593750,1316.919434,722.391113,87952.882812,63.959000,1.000000,3.725000,-0.350000,136263.0000000.000000
0.000000,0.000000,0.000000,0.000000,1997.000000,197.000000,207.000000,2112.000000,142.000000,348.000000,-1593.474609,-245.149994,-245.148987,-318.694916,-49.029999,-49.029797,-37.507587,85.067009,10687.703125,-7.501550,17.013340,2137.545166,6557.705566,3649.855957,444749.437500,1311.542236,729.970276,88950.265625,64.586082,0.950000,3.700000,-0.275000,137084.0000000.000000
0.000000,0.000000,0.000000,0.000000,1996.000000,300.000000,347.000000,2112.000000,232.000000,222.000000,1532.187134,245.149994,367.723969,306.437439,49.029999,73.544792,83.719055,104.862869,10778.895508,16.743776,20.972517,2155.784180,6578.873535,3701.006348,450355.500000,1315.776001,740.200439,90071.500000,64.149200,1.000000,3.775000,-0.275000,137903.0000000.000000
0.000000,0.000000,0.000000,0.000000,2049.000000,214.000000,316.000000,2109.000000,197.000000,348.000000,-1409.612183,-367.725006,61.288551,-281.922424,-73.544998,12.257710,46.333675,97.692223,10832.586914,9.266703,19.538389,2166.521729,6610.493652,3749.626465,455477.406250,1322.100098,749.924377,91095.890625,65.218010,0.925000,3.775000,-0.275000,138707.0000000.000000
0.000000,0.000000,0.000000,0.000000,2300.000000,282.000000,299.000000,2132.000000,337.000000,333.000000,1409.612183,245.149994,61.286446,281.922424,49.029999,12.257289,142.432449,118.836403,10900.249023,28.486454,23.767221,2180.053955,6656.707520,3808.988037,461423.468750,1331.343262,761.796448,92285.109375,64.860619,0.950000,3.775000,-0.350000,139547.0000000.000000
0.000000,0.000000,0.000000,0.000000,2001.000000,127.000000,0.000000,2112.000000,2133.000000,2133.000000,-1348.324707,-306.437500,61.288544,-269.664948,-61.287498,12.257709,183.066040,138.754837,11086.133789,36.613178,27.750906,2217.229980,6791.120117,3966.974121,475995.500000,1358.225586,793.393433,95199.539062,65.576508,0.900000,3.775000,-0.425000,141577.0000000.000000
0.000000,0.000000,0.000000,0.000000,1996.000000,232.000000,580.000000,2113.000000,2132.000000,2022.000000,1287.037231,367.725006,245.148956,257.407440,73.544998,49.029793,233.199219,153.218704,11172.304688,46.639816,30.643679,2234.464111,6943.331055,4065.034668,483110.437500,1388.667603,813.005493,96622.523438,64.949867,0.925000,3.700000,-0.325000,142599.0000000.000000
0.000000,0.000000,0.000000,0.000000,1996.000000,215.000000,2119.000000,2112.000000,2044.000000,2061.000000,-1287.037231,-183.862488,122.576050,-257.407440,-36.772499,24.515209,208.500366,147.396439,11241.376953,41.700047,29.479216,2248.277344,7066.356934,4151.342285,489756.375000,1413.273193,830.266968,97951.679688,64.411888,0.975000,3.750000,-0.275000,143726.0000000.000000
0.000000,0.000000,0.000000,0.000000,2012.000000,70.000000,2248.000000,34.000000,2046.000000,2040.000000,1103.174805,306.437500,-122.576073,220.634964,61.287498,-24.515215,192.014084,144.454636,11332.144531,38.402779,28.890858,2266.430176,7208.222656,4247.487793,497002.000000,1441.646240,849.496033,99400.812500,65.040382,0.925000,3.725000,-0.275000,144746.0000000.000000
0.000000,0.000000,0.000000,0.000000,1996.000000,6.000000,2332.000000,68.000000,2050.000000,1698.000000,-551.587341,-122.574989,858.026184,-110.317467,-24.514997,171.605240,117.427223,127.171532,11427.750000,23.485409,25.434238,2285.552490,7288.120117,4330.413086,504393.875000,1457.626221,866.080994,100879.195312,63.862095,1.000000,3.700000,-0.225000,145735.0000000.000000
0.000000,0.000000,0.000000,0.000000,2079.000000,3.000000,2066.000000,50.000000,2042.000000,29.000000,551.587341,61.287491,-551.588745,110.317467,12.257498,-110.317749,120.675468,127.232834,11503.499023,24.135059,25.446497,2300.702881,7361.365234,4405.118652,511099.656250,1472.275269,881.022156,102220.343750,65.490372,0.900000,3.750000,-0.325000,146609.0000000.000000
0.000000,0.000000,0.000000,0.000000,2006.000000,3.000000,2040.000000,60.000000,2125.000000,29.000000,367.724823,61.287491,-612.876282,73.544968,12.257498,-122.575256,61.962055,120.123528,11653.959961,12.392379,24.024626,2330.795898,7401.361816,4475.267090,517807.687500,1480.274536,895.052002,103561.937500,65.129753,0.925000,3.750000,-0.325000,147482.0000000.000000
