Test Version, drone_x, drone_y, drone_z, us_0, us_1, us_2, us_3, us_4, us_5, raw_accel_x, raw_accel_y, raw_accel_z, filt_accel_x, filt_accel_y, filt_accel_z, raw_vel_x, raw_vel_y, raw_vel_z, filt_vel_x, filt_vel_y, filt_vel_z, raw_pos_x, raw_pos_y, raw_pos_z, filt_pos_x, filt_pos_y, filt_pos_z, heading, compass_x, compass_y, compass_z, millis, recording_enabled0.000000,0.000000,0.000000,0.000000,614.000000,3.000000,181.000000,99.000000,258.000000,246.000000,61.287502,-61.287498,-61.287498,12.257501,-12.257500,-12.257500,1.961200,12.134924,219.960861,0.392240,2.426985,43.992165,0.437715,2.160078,192.033524,0.087543,0.432016,38.406704,64.949867,0.950000,3.800000,-0.425000,1373.0000000.000000
0.000000,0.000000,0.000000,0.000000,524.000000,3.000000,182.000000,26.000000,258.000000,178.000000,0.000002,-183.862503,-61.287498,0.000000,-36.772499,-12.257500,-0.429013,26.414913,266.845764,-0.085803,5.282983,53.369179,0.384211,8.720904,271.205261,0.076842,1.744181,54.241070,66.214867,0.850000,3.750000,-0.450000,1983.0000000.000000
0.000000,0.000000,0.000000,0.000000,548.000000,3.000000,244.000000,98.000000,258.000000,245.000000,122.574997,367.725006,306.437500,24.514999,73.544998,61.287498,1.716050,34.872597,311.340424,0.343210,6.974518,62.268139,0.701068,20.658119,378.069183,0.140214,4.131624,75.613853,65.490372,0.900000,3.750000,-0.450000,2558.0000000.000000
0.000000,0.000000,0.000000,0.000000,522.000000,3.000000,238.000000,24.000000,258.000000,177.000000,183.862503,490.300018,306.437500,36.772499,98.060005,61.287498,-4.228837,27.272949,352.954620,-0.845768,5.454588,70.590950,-0.433548,32.142109,516.912048,-0.086710,6.428422,103.382431,64.411888,0.975000,3.750000,-0.525000,3134.0000000.000000
0.000000,0.000000,0.000000,0.000000,523.000000,0.000000,245.000000,24.000000,258.000000,178.000000,122.575005,429.012512,306.437500,24.515001,85.802505,61.287498,-14.279986,36.282211,473.384613,-2.855997,7.256441,94.676941,-17.258680,44.006332,934.638367,-3.451737,8.801266,186.927689,64.860619,0.950000,3.775000,-0.575000,4698.0000000.000000
0.000000,0.000000,0.000000,0.000000,523.000000,3.000000,184.000000,25.000000,259.000000,177.000000,-0.000006,-429.012512,-61.287498,-0.000001,-85.802505,-12.257500,-16.486336,27.027803,507.337799,-3.297267,5.405558,101.467552,-22.924778,53.001629,1100.995605,-4.584954,10.600323,220.199203,66.131989,0.850000,3.725000,-0.400000,5254.0000000.000000
0.000000,0.000000,0.000000,0.000000,655.000000,3.000000,181.000000,25.000000,258.000000,244.000000,0.000006,367.725006,306.437500,0.000001,73.544998,61.287498,-16.486336,17.528246,538.410461,-3.297267,3.505645,107.682076,-28.117977,58.859871,1265.530762,-5.623593,11.771968,253.106293,65.305183,0.925000,3.800000,-0.300000,5821.0000000.000000
0.000000,0.000000,0.000000,0.000000,522.000000,3.000000,201.000000,25.000000,259.000000,177.000000,0.000005,245.149994,306.437500,0.000001,49.029999,61.287498,-17.834661,33.585571,586.888794,-3.566933,6.717110,117.377716,-34.150131,66.707008,1461.477173,-6.830024,13.341395,292.295624,66.214867,0.850000,3.750000,-0.450000,6400.0000000.000000
0.000000,0.000000,0.000000,0.000000,525.000000,3.000000,233.000000,25.000000,258.000000,237.000000,0.000005,183.862488,306.437500,0.000001,36.772499,61.287498,-17.834661,44.372173,629.483521,-3.566933,8.874430,125.896645,-39.518330,78.090370,1644.332642,-7.903667,15.618069,328.866638,65.852089,0.875000,3.750000,-0.275000,6970.0000000.000000
0.000000,0.000000,0.000000,0.000000,2024.000000,3.000000,181.000000,24.000000,258.000000,200.000000,-61.287506,-183.862488,-61.287498,-12.257502,-36.772499,-12.257500,-16.915348,60.306931,684.887512,-3.383070,12.061382,136.977371,-47.248260,100.949707,1933.631714,-9.449653,20.189934,386.726440,64.949867,0.925000,3.700000,-0.350000,7640.0000000.000000
0.000000,0.000000,0.000000,0.000000,523.000000,3.000000,182.000000,24.000000,258.000000,245.000000,-61.287506,-183.862488,-61.287498,-12.257502,-36.772499,-12.257500,-18.386246,65.087357,722.150330,-3.677250,13.017468,144.429886,-53.176167,122.675766,2173.604004,-10.635236,24.535143,434.720734,65.767029,0.875000,3.725000,-0.375000,8206.0000000.000000
0.000000,0.000000,0.000000,0.000000,523.000000,3.000000,181.000000,99.000000,257.000000,244.000000,61.287495,-122.574989,-61.287498,12.257499,-24.514997,-12.257500,-17.834660,75.383659,768.851379,-3.566933,15.076728,153.770096,-59.183258,147.618088,2433.863770,-11.836655,29.523603,486.772705,65.852089,0.875000,3.750000,-0.325000,8774.0000000.000000
0.000000,0.000000,0.000000,0.000000,526.000000,3.000000,181.000000,55.000000,258.000000,245.000000,61.287495,-61.287491,-61.287498,12.257499,-12.257498,-12.257500,-16.425053,83.412300,803.233765,-3.285011,16.682463,160.646530,-65.034676,173.597656,2683.165527,-13.006943,34.719528,536.633057,65.218010,0.925000,3.775000,-0.550000,9351.0000000.000000
0.000000,0.000000,0.000000,0.000000,522.000000,3.000000,181.000000,27.000000,258.000000,236.000000,122.574997,245.150024,-61.287498,24.514999,49.030006,-12.257500,-17.957241,89.970055,855.082886,-3.591448,17.994009,171.016357,-71.235313,204.545807,2972.492920,-14.247070,40.909157,594.498413,65.490372,0.900000,3.750000,-0.400000,9930.0000000.000000
0.000000,0.000000,0.000000,0.000000,523.000000,3.000000,181.000000,24.000000,1113.000000,178.000000,-122.574997,-245.150024,306.437500,-24.514999,-49.030006,61.287498,-25.924616,83.657433,910.547974,-5.184924,16.731489,182.109360,-79.365639,235.014099,3286.751465,-15.873138,47.002804,657.350159,65.129753,0.925000,3.750000,-0.400000,10546.0000000.000000
0.000000,0.000000,0.000000,0.000000,827.000000,3.000000,245.000000,98.000000,258.000000,246.000000,183.862503,245.150024,-61.287498,36.772499,49.030006,-12.257500,-23.350542,93.892433,945.113953,-4.670109,18.778490,189.022568,-87.030205,261.275452,3565.647949,-17.406050,52.255070,713.129639,65.661583,0.900000,3.800000,-0.350000,11127.0000000.000000
0.000000,0.000000,0.000000,0.000000,524.000000,4.000000,245.000000,24.000000,258.000000,0.000000,367.725006,306.437531,-61.287498,73.544998,61.287506,-12.257500,2.819220,136.303375,1041.029175,0.563844,27.260681,208.205444,-95.368629,369.256165,4472.333984,-19.073730,73.851227,894.466431,65.852089,0.875000,3.750000,-0.425000,12685.0000000.000000
0.000000,0.000000,0.000000,0.000000,535.000000,3.000000,245.000000,24.000000,258.000000,177.000000,183.862488,306.437531,-61.287498,36.772499,61.287506,-12.257500,8.089946,147.028656,1075.289185,1.617989,29.405750,215.057343,-94.719246,411.365326,4796.105957,-18.943850,82.273087,959.220581,64.949867,0.950000,3.800000,-0.425000,13249.0000000.000000
0.000000,0.000000,0.000000,0.000000,523.000000,3.000000,218.000000,24.000000,258.000000,178.000000,-551.587524,-429.012543,306.437500,-110.317505,-85.802505,61.287498,20.837748,152.728394,1115.494141,4.167549,30.545698,223.098190,-87.887245,465.599548,5195.328125,-17.577446,93.119949,1039.064575,66.613953,0.850000,3.875000,-0.425000,13819.0000000.000000
0.000000,0.000000,0.000000,0.000000,523.000000,3.000000,181.000000,53.000000,257.000000,246.000000,-1593.474731,-1225.749878,306.437500,-318.694946,-245.149979,61.287498,-36.282192,118.591270,1159.805176,-7.256440,23.718271,231.960297,-84.852875,512.525269,5553.093262,-16.970581,102.505104,1110.617432,65.040382,0.925000,3.725000,-0.450000,14397.0000000.000000
0.000000,0.000000,0.000000,0.000000,523.000000,3.000000,245.000000,24.000000,259.000000,242.000000,1593.474731,1470.899780,-61.287498,318.694946,294.179962,-12.257500,-125.516785,43.759235,1215.209229,-25.103357,8.751860,243.041031,-112.977814,543.428711,5990.466309,-22.595573,108.685776,1198.092041,65.910530,0.900000,3.875000,-0.500000,14988.0000000.000000
0.000000,0.000000,0.000000,0.000000,523.000000,3.000000,245.000000,99.000000,258.000000,245.000000,-1593.474731,-1593.474731,306.437500,-318.694946,-318.694946,61.287498,-162.473145,18.692656,1261.052734,-32.494621,3.738543,252.209579,-170.297058,546.349976,6410.240723,-34.059425,109.269997,1282.046875,66.214867,0.850000,3.750000,-0.375000,15567.0000000.000000
0.000000,0.000000,0.000000,0.000000,523.000000,3.000000,182.000000,56.000000,258.000000,200.000000,1593.474731,1532.187256,-61.287498,318.694946,306.437439,-12.257500,-286.764191,-78.202881,1322.218018,-57.352829,-15.640566,264.442566,-251.443665,539.575317,6903.694824,-50.288746,107.915054,1380.736816,64.860619,0.950000,3.775000,-0.250000,16205.0000000.000000
0.000000,0.000000,0.000000,0.000000,523.000000,3.000000,181.000000,26.000000,259.000000,246.000000,1532.187256,1409.612305,-61.287498,306.437439,281.922455,-12.257500,-340.145569,-119.633209,1370.880615,-68.029106,-23.926632,274.175140,-366.315704,499.477448,7370.693359,-73.263138,99.895462,1474.136230,65.040382,0.925000,3.725000,-0.450000,16771.0000000.000000
0.000000,0.000000,0.000000,0.000000,523.000000,3.000000,182.000000,99.000000,258.000000,246.000000,1593.474731,1409.612305,-61.287498,318.694946,281.922455,-12.257500,-454.998322,-215.915878,1428.736206,-90.999664,-43.183155,285.746277,-523.347961,426.076721,7874.104980,-104.669563,85.215302,1574.818359,65.936081,0.875000,3.775000,-0.450000,17338.0000000.000000
0.000000,0.000000,0.000000,0.000000,524.000000,3.000000,181.000000,54.000000,259.000000,245.000000,-1654.762207,-1225.749878,306.437500,-330.952454,-245.149979,61.287498,-492.996552,-239.388885,1476.295654,-98.599312,-47.877777,295.258209,-695.993347,340.677917,8386.423828,-139.198700,68.135544,1677.281860,65.129753,0.925000,3.750000,-0.525000,17915.0000000.000000
0.000000,0.000000,0.000000,0.000000,555.000000,3.000000,1128.000000,26.000000,259.000000,245.000000,1593.474731,1164.462402,-61.287498,318.694946,232.892487,-12.257500,-364.905701,-136.548447,1511.045776,-72.981140,-27.309694,302.208344,-840.687256,284.992676,8980.078125,-168.137421,56.998497,1796.011963,66.943535,0.800000,3.750000,-0.350000,18535.0000000.000000
0.000000,0.000000,0.000000,0.000000,555.000000,3.000000,181.000000,99.000000,257.000000,246.000000,1654.762207,1164.462402,-61.287498,330.952454,232.892487,-12.257500,-407.684357,-155.179855,1562.711304,-81.536865,-31.035973,312.541534,-995.943115,223.771957,9567.016602,-199.188614,44.754356,1913.399414,64.858192,0.925000,3.675000,-0.325000,19100.0000000.000000
0.000000,0.000000,0.000000,0.000000,555.000000,3.000000,182.000000,0.000000,250.000000,246.000000,-1654.762207,-919.312500,367.725006,-330.952454,-183.862503,73.544998,-582.660339,-243.924133,1705.756836,-116.532013,-48.784828,341.150452,-1517.521362,3.431144,11188.933594,-303.504242,0.686199,2237.782471,64.765335,0.925000,3.650000,-0.475000,20679.0000000.000000
0.000000,0.000000,0.000000,0.000000,534.000000,18.000000,201.000000,41.000000,256.000000,201.000000,-1654.762207,-796.737549,367.725006,-330.952454,-159.347504,73.544998,-666.685486,-276.896790,1764.531372,-133.337036,-55.379368,352.905365,-1728.749146,-82.864426,11817.132812,-345.749725,-16.572918,2363.421631,66.131989,0.850000,3.725000,-0.275000,21257.0000000.000000
0.000000,0.000000,0.000000,0.000000,533.000000,43.000000,245.000000,150.000000,248.000000,178.000000,-1716.049683,-919.312500,245.150009,-343.209930,-183.862503,49.030003,-646.399353,-257.162140,1810.251221,-129.279816,-51.432465,362.049500,-1979.470459,-183.686035,12524.004883,-395.893829,-36.737251,2504.795166,65.218010,0.925000,3.775000,-0.350000,21839.0000000.000000
0.000000,0.000000,0.000000,0.000000,517.000000,69.000000,246.000000,150.000000,182.000000,175.000000,2083.774658,1103.174927,-0.000009,416.754944,220.634979,-0.000002,-647.686523,-256.487946,1853.397949,-129.537201,-51.297638,370.678894,-2202.279053,-271.749542,13163.413086,-440.455627,-54.349957,2632.677246,65.129753,0.925000,3.750000,-0.475000,22412.0000000.000000
0.000000,0.000000,0.000000,0.000000,548.000000,116.000000,202.000000,168.000000,172.000000,175.000000,-2267.637451,-919.312500,245.150009,-453.527496,-183.862503,49.030003,-713.938293,-281.125519,1904.879639,-142.787552,-56.225151,380.975311,-2460.266602,-373.220978,13888.989258,-492.053162,-74.644234,2777.792969,64.860619,0.950000,3.775000,-0.475000,23053.0000000.000000
0.000000,0.000000,0.000000,0.000000,2232.000000,86.000000,245.000000,2206.000000,435.000000,174.000000,-2083.774658,-980.599976,245.150009,-416.754944,-196.119995,49.030003,-701.312927,-268.500397,1961.264526,-140.262512,-53.700100,392.252289,-2809.816650,-509.401276,14785.980469,-561.963318,-101.880302,2957.190186,65.129753,0.925000,3.750000,-0.350000,23853.0000000.000000
0.000000,0.000000,0.000000,0.000000,551.000000,87.000000,246.000000,2140.000000,170.000000,173.000000,2083.774658,1041.887451,-0.000009,416.754944,208.377487,-0.000002,-494.406097,-171.911285,2001.714722,-98.881187,-34.382282,400.342377,-3055.184814,-598.698364,15624.243164,-611.036926,-119.739677,3124.842285,65.745590,0.900000,3.825000,-0.475000,24541.0000000.000000
0.000000,0.000000,0.000000,0.000000,2077.000000,87.000000,245.000000,2137.000000,201.000000,173.000000,-2022.487183,-980.599976,245.150009,-404.497437,-196.119995,49.030003,-488.400024,-169.337234,2061.776611,-97.679962,-33.867466,412.354828,-3294.280273,-681.760681,16614.314453,-658.855835,-136.352066,3322.855713,65.661583,0.900000,3.800000,-0.425000,25351.0000000.000000
0.000000,0.000000,0.000000,0.000000,2029.000000,87.000000,246.000000,2136.000000,246.000000,172.000000,-2083.774658,-980.599976,245.150009,-416.754944,-196.119995,49.030003,-543.681396,-196.242477,2122.083740,-108.736206,-39.248505,424.416290,-3531.163330,-765.587341,17577.066406,-706.232544,-153.117386,3515.404785,65.576508,0.900000,3.775000,-0.375000,26136.0000000.000000
0.000000,0.000000,0.000000,0.000000,2029.000000,99.000000,235.000000,2140.000000,170.000000,172.000000,2022.487183,735.450073,-0.000009,404.497437,147.090012,-0.000002,-410.810150,-134.403397,2178.713379,-82.161919,-26.880697,435.742310,-3769.016357,-846.418518,18697.591797,-753.803040,-169.283630,3739.508789,65.129753,0.925000,3.750000,-0.400000,26911.0000000.000000
0.000000,0.000000,0.000000,0.000000,2025.000000,88.000000,244.000000,2139.000000,169.000000,172.000000,2022.487183,858.025024,-0.000009,404.497437,171.605011,-0.000002,-318.449951,-95.669693,2233.627197,-63.689869,-19.133957,446.725098,-3952.056641,-904.257996,19777.300781,-790.411133,-180.851501,3955.450439,65.490372,0.900000,3.750000,-0.375000,27690.0000000.000000
0.000000,0.000000,0.000000,0.000000,2035.000000,152.000000,244.000000,49.000000,200.000000,174.000000,-2083.774658,-490.300140,245.150009,-416.754944,-98.060028,49.030003,-261.513824,-90.521523,2288.786133,-52.302650,-18.104324,457.756927,-4096.831543,-953.042175,20843.732422,-819.366272,-190.608353,4168.736328,65.490372,0.900000,3.750000,-0.325000,28382.0000000.000000
0.000000,0.000000,0.000000,0.000000,2033.000000,88.000000,201.000000,134.000000,170.000000,174.000000,2083.774658,306.437622,-0.000009,416.754944,61.287525,-0.000002,-147.580383,-66.067780,2330.707031,-29.515945,-13.213583,466.141205,-4173.886719,-981.863647,21744.828125,-834.777161,-196.372711,4348.954102,64.678757,0.950000,3.725000,-0.450000,29057.0000000.000000
0.000000,0.000000,0.000000,0.000000,2077.000000,88.000000,246.000000,46.000000,246.000000,170.000000,-2022.487183,-367.725128,245.150009,-404.497437,-73.545029,49.030003,-22.308746,-48.233112,2376.304932,-4.461615,-9.646648,475.260834,-4205.302734,-1005.927612,22757.148438,-841.060486,-201.185501,4551.417969,64.411888,0.975000,3.750000,-0.400000,29729.0000000.000000
0.000000,0.000000,0.000000,0.000000,2028.000000,90.000000,245.000000,150.000000,241.000000,173.000000,2083.774658,245.150116,-0.000009,416.754944,49.030022,-0.000002,52.462006,-31.256481,2425.334717,10.492535,-6.251318,485.066925,-4182.291504,-1020.010376,23791.371094,-836.458191,-204.002121,4758.264648,65.038010,0.950000,3.825000,-0.400000,30399.0000000.000000
0.000000,0.000000,0.000000,0.000000,406.000000,116.000000,186.000000,357.000000,166.000000,173.000000,2022.487183,367.725128,-0.000009,404.497437,73.545029,-0.000002,144.025513,-14.341122,2466.274658,28.805241,-2.868246,493.255005,-4140.824219,-1027.568970,24703.941406,-828.164612,-205.513855,4940.779785,65.218010,0.925000,3.775000,-0.400000,30961.0000000.000000
0.000000,0.000000,0.000000,0.000000,2028.000000,92.000000,246.000000,152.000000,166.000000,245.000000,-1899.912231,-306.437622,245.150009,-379.982452,-61.287525,49.030003,215.609283,5.393460,2505.743652,43.121994,1.078670,501.148956,-4084.033691,-1030.230225,25584.765625,-816.806396,-206.046005,5116.943359,65.661583,0.900000,3.800000,-0.250000,31623.0000000.000000
0.000000,0.000000,0.000000,0.000000,492.000000,94.000000,246.000000,105.000000,165.000000,175.000000,1899.912231,306.437622,-0.000009,379.982452,61.287525,-0.000002,327.091309,29.234306,2545.458252,65.418388,5.846839,509.091827,-3972.264648,-1022.353333,26534.232422,-794.452576,-204.470642,5306.835449,66.536110,0.850000,3.850000,-0.450000,32239.0000000.000000
0.000000,0.000000,0.000000,0.000000,2025.000000,94.000000,236.000000,151.000000,237.000000,246.000000,1716.049805,245.150116,-0.000009,343.209961,49.030022,-0.000002,347.316132,39.837048,2590.321289,69.463364,7.967387,518.064453,-3862.836182,-1011.761047,27498.697266,-772.566895,-202.352249,5499.729492,65.576508,0.900000,3.775000,-0.325000,32914.0000000.000000
0.000000,0.000000,0.000000,0.000000,547.000000,93.000000,219.000000,39.000000,296.000000,297.000000,-1716.049805,-183.862610,245.150009,-343.209961,-36.772522,49.030003,316.917542,46.517387,2641.067383,63.383656,9.303452,528.213684,-3729.687012,-994.379089,28521.898438,-745.937256,-198.875824,5704.369629,64.595650,0.975000,3.800000,-0.425000,33513.0000000.000000
0.000000,0.000000,0.000000,0.000000,607.000000,92.000000,285.000000,111.000000,285.000000,295.000000,1777.337280,245.150116,-0.000009,355.467468,49.030022,-0.000002,418.471039,66.558418,2671.710938,83.694351,13.311654,534.342468,-3611.847412,-976.424438,29326.597656,-722.369385,-195.284882,5865.309570,64.770256,0.950000,3.750000,-0.325000,34132.0000000.000000
0.000000,0.000000,0.000000,0.000000,611.000000,132.000000,295.000000,107.000000,252.000000,141.000000,1838.624756,122.575111,-0.000009,367.724945,24.515022,-0.000002,327.642914,57.242710,2716.818848,65.528732,11.448512,543.363953,-3507.361084,-958.294373,30171.091797,-701.472046,-191.658844,6034.208496,66.131989,0.850000,3.725000,-0.425000,34746.0000000.000000
0.000000,0.000000,0.000000,0.000000,831.000000,93.000000,295.000000,107.000000,285.000000,139.000000,-1838.624756,-61.287613,245.150009,-367.724945,-12.257523,49.030003,332.545990,57.794296,2750.159424,66.509338,11.558826,550.032043,-3431.332275,-943.694092,30910.345703,-686.266357,-188.738846,6182.059082,65.490372,0.900000,3.750000,-0.375000,35365.0000000.000000
0.000000,0.000000,0.000000,0.000000,604.000000,93.000000,250.000000,101.000000,297.000000,141.000000,2022.487183,-61.287388,-0.000009,404.497437,-12.257478,-0.000002,577.512146,66.926155,2784.726074,115.502548,13.385197,556.945312,-3217.249756,-917.004089,32030.050781,-643.449951,-183.400879,6405.999512,65.040382,0.925000,3.725000,-0.325000,35950.0000000.000000
0.000000,0.000000,0.000000,0.000000,580.000000,93.000000,296.000000,106.000000,285.000000,153.000000,2083.774658,0.000112,-0.000009,416.754944,0.000022,-0.000002,566.480225,69.009918,2820.028076,113.296181,13.801951,564.005615,-3065.551025,-898.047668,32809.832031,-613.110352,-179.609634,6561.955078,65.125084,0.950000,3.850000,-0.400000,36551.0000000.000000
0.000000,0.000000,0.000000,0.000000,1307.000000,94.000000,295.000000,44.000000,297.000000,296.000000,2083.774658,0.000112,-0.000009,416.754944,0.000022,-0.000002,373.240845,84.147881,2880.580566,74.648247,16.829550,576.116089,-2899.539551,-867.418152,33934.691406,-579.907959,-173.483704,6786.924805,64.242546,1.000000,3.800000,-0.300000,37212.0000000.000000
0.000000,0.000000,0.000000,0.000000,2061.000000,95.000000,296.000000,2139.000000,1096.000000,296.000000,2083.774658,-61.287392,-0.000009,416.754944,-12.257479,-0.000002,386.295197,99.714890,2941.133057,77.259079,19.942945,588.226624,-2719.450928,-821.646362,35371.089844,-543.890320,-164.329346,7074.208984,64.149200,1.000000,3.775000,-0.325000,38070.0000000.000000
0.000000,0.000000,0.000000,0.000000,734.000000,94.000000,297.000000,2140.000000,293.000000,297.000000,2083.774658,-61.287392,-0.000009,416.754944,-12.257479,-0.000002,407.745850,111.175667,2993.595459,81.549179,22.235090,598.719116,-2557.084473,-775.485291,36654.148438,-511.417084,-155.097168,7330.819824,64.774918,0.975000,3.850000,-0.325000,38815.0000000.000000
0.000000,0.000000,0.000000,0.000000,889.000000,97.000000,296.000000,2136.000000,290.000000,298.000000,2083.774658,0.000108,-0.000009,416.754944,0.000022,-0.000002,210.645401,131.155380,3055.373291,42.129078,26.231028,611.074707,-2449.585938,-725.628784,37871.562500,-489.917297,-145.125809,7574.302734,65.661583,0.900000,3.800000,-0.325000,39600.0000000.000000
0.000000,0.000000,0.000000,0.000000,576.000000,97.000000,228.000000,2138.000000,155.000000,296.000000,1961.199707,-61.287392,61.287498,392.239929,-12.257479,12.257500,55.833199,140.593643,3118.009033,11.166637,28.118689,623.601868,-2401.504883,-668.254395,39178.101562,-480.300995,-133.651016,7835.612305,63.698673,1.025000,3.750000,-0.350000,40345.0000000.000000
0.000000,0.000000,0.000000,0.000000,606.000000,111.000000,226.000000,2140.000000,132.000000,295.000000,1961.199707,0.000108,61.287498,392.239929,0.000022,12.257500,24.270128,154.628448,3168.816895,4.854024,30.925650,633.763428,-2393.497070,-608.195679,40445.675781,-478.699432,-121.639328,8089.127441,65.218010,0.925000,3.775000,-0.350000,41074.0000000.000000
0.000000,0.000000,0.000000,0.000000,905.000000,134.000000,296.000000,2136.000000,116.000000,284.000000,-2145.062256,183.862396,183.862503,-429.012451,36.772480,36.772499,-54.423016,163.086151,3222.995361,-10.884600,32.617180,644.599060,-2431.683594,-541.013062,41783.214844,-486.336517,-108.202866,8356.633789,65.403145,0.900000,3.725000,-0.425000,41802.0000000.000000
0.000000,0.000000,0.000000,0.000000,591.000000,146.000000,267.000000,2140.000000,108.000000,286.000000,2206.349854,61.287601,61.287498,441.269958,12.257521,12.257500,128.704025,170.501953,3263.139160,25.740810,34.100342,652.627869,-2415.395264,-480.706055,42973.789062,-483.078796,-96.141479,8594.750000,64.774918,0.975000,3.850000,-0.375000,42542.0000000.000000
0.000000,0.000000,0.000000,0.000000,470.000000,154.000000,156.000000,2139.000000,101.000000,218.000000,-2145.062256,245.149902,183.862503,-429.012451,49.029980,36.772499,150.461044,182.759430,3315.110840,30.092224,36.551846,663.022278,-2359.616943,-405.680481,44375.550781,-471.923187,-81.136368,8875.105469,64.504341,0.975000,3.775000,-0.450000,43258.0000000.000000
0.000000,0.000000,0.000000,0.000000,611.000000,297.000000,296.000000,45.000000,147.000000,296.000000,-2145.062256,367.724915,183.862503,-429.012451,73.544983,36.772499,149.296555,192.687988,3354.274170,29.859348,38.537563,670.854797,-2302.942871,-346.929077,45432.839844,-460.588348,-69.386108,9086.565430,63.984791,1.025000,3.825000,-0.575000,43862.0000000.000000
0.000000,0.000000,0.000000,0.000000,628.000000,296.000000,351.000000,44.000000,97.000000,267.000000,2206.349854,-245.149902,61.287498,441.269958,-49.029980,12.257500,266.907257,189.623627,3395.275391,53.381508,37.924698,679.055237,-2223.608398,-278.948242,46644.644531,-444.721436,-55.789959,9328.927734,63.600925,1.025000,3.725000,-0.325000,44471.0000000.000000
0.000000,0.000000,0.000000,0.000000,591.000000,351.000000,295.000000,46.000000,235.000000,296.000000,-2206.349609,245.149902,183.862503,-441.269928,49.029980,36.772499,185.333618,206.845383,3430.760742,37.066772,41.369049,686.152344,-2160.534424,-225.662384,47562.953125,-432.106415,-45.132782,9512.588867,64.860619,0.950000,3.775000,-0.425000,45084.0000000.000000
0.000000,0.000000,0.000000,0.000000,908.000000,154.000000,182.000000,46.000000,107.000000,228.000000,-2145.062256,306.437408,183.862503,-429.012451,61.287483,36.772499,135.690735,223.331711,3473.416504,27.138214,44.666313,694.683777,-2103.606201,-154.184326,48716.175781,-420.720734,-30.837185,9743.229492,63.698673,1.025000,3.750000,-0.250000,45704.0000000.000000
0.000000,0.000000,0.000000,0.000000,596.000000,150.000000,156.000000,47.000000,110.000000,285.000000,-2145.062256,367.724915,183.862503,-429.012451,73.544983,36.772499,172.095474,229.521744,3505.102051,34.419186,45.904331,701.020935,-2049.773193,-95.857605,49640.707031,-409.954071,-19.171848,9928.135742,63.984791,1.025000,3.825000,-0.425000,46310.0000000.000000
0.000000,0.000000,0.000000,0.000000,557.000000,147.000000,268.000000,47.000000,110.000000,298.000000,2206.349854,-367.724915,61.287498,441.269958,-73.544983,12.257500,299.573547,220.144730,3541.752441,59.914799,44.028927,708.351013,-1960.194092,-24.258951,50789.351562,-392.038086,-4.852124,10157.864258,64.242546,1.000000,3.800000,-0.400000,46888.0000000.000000
0.000000,0.000000,0.000000,0.000000,593.000000,145.000000,157.000000,47.000000,115.000000,252.000000,-2145.062256,367.724915,183.862503,-429.012451,73.544983,36.772499,370.238068,219.164185,3579.015869,74.047714,43.832813,715.803650,-1864.360352,47.675064,51922.457031,-372.871307,9.534673,10384.485352,65.218010,0.925000,3.775000,-0.300000,47475.0000000.000000
0.000000,0.000000,0.000000,0.000000,606.000000,316.000000,156.000000,48.000000,128.000000,284.000000,-2145.062256,306.437408,183.862503,-429.012451,61.287483,36.772499,382.127991,227.805725,3617.811523,76.425690,45.561115,723.562683,-1730.438721,116.440887,53063.121094,-346.086945,23.287828,10612.621094,64.685829,0.975000,3.825000,-0.350000,48065.0000000.000000
0.000000,0.000000,0.000000,0.000000,608.000000,124.000000,284.000000,43.000000,201.000000,297.000000,-2083.774902,245.149902,183.862503,-416.754974,49.029980,36.772499,557.532898,213.158005,3649.007568,111.506676,42.631580,729.801819,-1580.688843,179.735794,54127.710938,-316.137024,35.946804,10825.539062,63.984791,1.025000,3.825000,-0.350000,48654.0000000.000000
0.000000,0.000000,0.000000,0.000000,574.000000,118.000000,213.000000,42.000000,142.000000,218.000000,2145.062500,-306.437408,61.287498,429.012512,-61.287483,12.257500,682.865967,206.600250,3681.796875,136.573288,41.320038,736.359741,-1387.629028,240.465637,55208.968750,-277.525085,48.092777,11041.792969,65.305183,0.925000,3.800000,-0.300000,49251.0000000.000000
0.000000,0.000000,0.000000,0.000000,460.000000,115.000000,183.000000,42.000000,422.000000,295.000000,2145.062500,-306.437408,61.287498,429.012512,-61.287483,12.257500,577.145142,235.711761,3727.455811,115.429123,47.142338,745.491577,-1170.767212,317.003754,56487.640625,-234.152710,63.400383,11297.524414,64.504341,0.975000,3.775000,-0.450000,49847.0000000.000000
0.000000,0.000000,0.000000,0.000000,610.000000,234.000000,296.000000,37.000000,141.000000,250.000000,-2083.774902,122.574898,183.862503,-416.754974,24.514980,36.772499,431.771149,264.087860,3767.844238,86.354355,52.817547,753.569336,-1021.462463,390.527313,57585.914062,-204.291718,78.105064,11517.178711,65.038010,0.950000,3.825000,-0.500000,50436.0000000.000000
0.000000,0.000000,0.000000,0.000000,576.000000,117.000000,216.000000,35.000000,141.000000,184.000000,-2083.774902,183.862396,183.862503,-416.754974,36.772480,36.772499,440.964233,273.219757,3803.145996,88.192993,54.643909,760.629761,-893.962524,467.945618,58676.382812,-178.791626,93.588730,11735.272461,64.411888,0.975000,3.750000,-0.375000,51025.0000000.000000
0.000000,0.000000,0.000000,0.000000,612.000000,114.000000,218.000000,37.000000,144.000000,268.000000,2083.775146,-122.574898,61.287498,416.755035,-24.514980,12.257500,575.674011,273.587616,3837.712402,115.134956,54.717449,767.543030,-732.051758,553.106323,59868.585938,-146.409454,110.620865,11973.711914,65.476303,0.925000,3.850000,-0.425000,51606.0000000.000000
0.000000,0.000000,0.000000,0.000000,612.000000,112.000000,296.000000,1072.000000,145.000000,198.000000,2083.775146,-61.287399,61.287498,416.755035,-12.257480,12.257500,605.214539,285.722473,3881.410400,121.043045,57.144447,776.282776,-546.480957,655.919983,61263.144531,-109.295258,131.183578,12252.624023,64.949867,0.950000,3.800000,-0.450000,52267.0000000.000000
0.000000,0.000000,0.000000,0.000000,576.000000,114.000000,221.000000,36.000000,312.000000,122.000000,2083.775146,-61.287399,61.287498,416.755035,-12.257480,12.257500,569.667358,297.366882,3921.247559,113.933655,59.473396,784.250305,-372.259888,747.995483,62488.742188,-74.450981,149.598709,12497.744141,64.770256,0.950000,3.750000,-0.525000,52853.0000000.000000
0.000000,0.000000,0.000000,0.000000,618.000000,117.000000,267.000000,315.000000,217.000000,148.000000,2083.775391,-61.287399,61.287498,416.755066,-12.257480,12.257500,505.928253,308.704895,3963.904053,101.185852,61.741051,792.781494,-196.998596,847.848267,63790.226562,-39.398682,169.569275,12758.041992,65.129753,0.925000,3.750000,-0.525000,53442.0000000.000000
0.000000,0.000000,0.000000,0.000000,594.000000,118.000000,299.000000,46.000000,140.000000,217.000000,-2022.487915,122.574898,183.862503,-404.497589,24.514980,36.772499,552.935608,316.243073,3999.573730,110.587357,63.248749,799.915466,-40.004074,941.756897,64985.132812,-7.999716,188.350983,12997.025391,65.040382,0.925000,3.725000,-0.425000,54047.0000000.000000
0.000000,0.000000,0.000000,0.000000,608.000000,295.000000,297.000000,41.000000,142.000000,93.000000,2083.775879,-61.287399,61.287498,416.755188,-12.257480,12.257500,703.825317,318.939545,4031.198486,140.765350,63.788101,806.240417,151.821838,1034.206909,66157.687500,30.365547,206.840958,13231.539062,64.318291,0.975000,3.725000,-0.375000,54625.0000000.000000
0.000000,0.000000,0.000000,0.000000,574.000000,116.000000,297.000000,39.000000,143.000000,89.000000,-2022.488403,122.574898,183.862503,-404.497681,24.514980,36.772499,708.851013,328.255096,4067.849121,141.770493,65.651207,813.570435,362.740082,1130.712280,67364.781250,72.549278,226.142044,13472.960938,63.635971,1.050000,3.825000,-0.425000,55191.0000000.000000
0.000000,0.000000,0.000000,0.000000,608.000000,114.000000,573.000000,37.000000,132.000000,81.000000,2083.775879,-61.287399,61.287498,416.755188,-12.257480,12.257500,625.255066,341.186615,4105.785645,125.051262,68.237511,821.157776,556.002625,1226.799194,68538.023438,111.201874,245.359451,13707.612305,65.129753,0.925000,3.750000,-0.300000,55773.0000000.000000
0.000000,0.000000,0.000000,0.000000,583.000000,113.000000,266.000000,37.000000,321.000000,81.000000,2083.775879,-61.287399,61.287498,416.755188,-12.257480,12.257500,624.703552,351.360138,4144.946289,124.940956,70.272209,828.990295,747.086975,1336.971558,69846.296875,149.418869,267.394073,13969.273438,66.019020,0.875000,3.800000,-0.350000,56358.0000000.000000
0.000000,0.000000,0.000000,0.000000,570.000000,115.000000,296.000000,1097.000000,131.000000,78.000000,2083.775879,-61.287399,61.287498,416.755188,-12.257480,12.257500,621.884583,363.556152,4191.584473,124.377121,72.711395,838.318298,969.053406,1472.485962,71418.773438,193.812225,294.497040,14283.769531,64.770256,0.950000,3.750000,-0.400000,56987.0000000.000000
0.000000,0.000000,0.000000,0.000000,582.000000,114.000000,286.000000,39.000000,132.000000,76.000000,-2022.488403,122.574898,183.862503,-404.497681,24.514980,36.772499,624.336121,372.442688,4226.209961,124.867424,74.488693,845.243835,1134.793823,1576.391235,72602.054688,226.960403,315.278198,14520.426758,64.334747,1.000000,3.825000,-0.450000,57566.0000000.000000
0.000000,0.000000,0.000000,0.000000,610.000000,335.000000,296.000000,2217.000000,140.000000,184.000000,2083.775879,-122.574898,61.287498,416.755188,-24.514980,12.257500,683.417542,380.409943,4272.236328,136.683655,76.082146,854.449280,1396.735718,1721.997070,74246.695312,279.348907,344.399445,14849.358398,64.770256,0.950000,3.750000,-0.350000,58303.0000000.000000
0.000000,0.000000,0.000000,0.000000,613.000000,113.000000,302.000000,2139.000000,145.000000,165.000000,-1961.200928,183.862396,183.862503,-392.240173,36.772480,36.772499,557.532898,402.596100,4335.912109,111.506721,80.519379,867.184937,1690.351440,1912.261963,76335.101562,338.072083,382.452454,15267.041016,64.860619,0.950000,3.775000,-0.375000,59002.0000000.000000
0.000000,0.000000,0.000000,0.000000,573.000000,111.000000,252.000000,2135.000000,250.000000,149.000000,2083.775879,0.000101,122.574997,416.755188,0.000020,24.514999,538.840210,413.505249,4376.728027,107.768181,82.701218,875.348511,1865.874146,2044.138794,77742.531250,373.176666,408.827911,15548.530273,63.795223,1.025000,3.775000,-0.375000,59699.0000000.000000
0.000000,0.000000,0.000000,0.000000,570.000000,109.000000,296.000000,2139.000000,148.000000,297.000000,-2022.488403,-0.000101,122.575005,-404.497681,-0.000020,24.515001,582.047974,423.556519,4426.369141,116.409721,84.711464,885.277222,2091.978271,2213.740479,79525.664062,418.397552,442.748260,15905.155273,65.828568,0.900000,3.850000,-0.350000,60427.0000000.000000
0.000000,0.000000,0.000000,0.000000,226.000000,108.000000,299.000000,2136.000000,151.000000,2051.000000,2083.775879,0.000101,122.574997,416.755188,0.000020,24.514999,935.064087,438.204285,4491.577637,187.012924,87.641006,898.319153,2539.987305,2443.531738,81899.054688,507.999603,488.706665,16379.832031,64.685829,0.975000,3.825000,-0.425000,61292.0000000.000000
0.000000,0.000000,0.000000,0.000000,597.000000,265.000000,101.000000,2232.000000,282.000000,2049.000000,-2022.488403,61.287399,122.575005,-404.497681,12.257480,24.515001,872.244385,456.651855,4560.588867,174.448975,91.330505,912.120972,3065.447998,2695.407227,84448.125000,613.091614,539.081970,16889.642578,65.040382,0.925000,3.725000,-0.375000,62108.0000000.000000
0.000000,0.000000,0.000000,0.000000,576.000000,107.000000,200.000000,31.000000,150.000000,2048.000000,-2022.488403,61.287399,122.575005,-404.497681,12.257480,24.515001,994.451843,468.419098,4614.152832,198.890427,93.683952,922.834045,3524.535645,2897.001953,86453.734375,704.909119,579.400940,17290.761719,65.305183,0.925000,3.800000,-0.425000,62799.0000000.000000
0.000000,0.000000,0.000000,0.000000,564.000000,250.000000,43.000000,250.000000,232.000000,346.000000,2083.775879,-61.287399,122.574997,416.755188,-12.257480,24.514999,1085.280396,475.957367,4658.646973,217.056046,95.191597,931.733032,3915.579346,3067.941406,88137.281250,783.117859,613.589050,17627.470703,65.125084,0.950000,3.850000,-0.325000,63400.0000000.000000
0.000000,0.000000,0.000000,0.000000,633.000000,108.000000,49.000000,156.000000,299.000000,300.000000,-2022.488403,122.574898,122.575005,-404.497681,24.514980,24.515001,779.578430,502.739899,4708.778320,155.915604,100.548096,941.759644,4273.813965,3269.333496,90053.742188,854.764832,653.867676,18010.765625,63.501942,1.025000,3.700000,-0.450000,64039.0000000.000000
0.000000,0.000000,0.000000,0.000000,515.000000,266.000000,53.000000,106.000000,147.000000,340.000000,2083.775879,-61.287399,122.574997,416.755188,-12.257480,24.514999,718.719971,515.671448,4748.000977,143.743896,103.134415,949.604492,4509.808594,3432.545166,91567.234375,901.963501,686.510132,18313.464844,64.949867,0.950000,3.800000,-0.475000,64623.0000000.000000
0.000000,0.000000,0.000000,0.000000,633.000000,172.000000,58.000000,103.000000,147.000000,348.000000,-2022.488403,122.574898,122.575005,-404.497681,24.514980,24.515001,541.476379,535.773865,4794.578613,108.295212,107.154861,958.920349,4732.725098,3633.253662,93381.085938,946.546814,726.651917,18676.232422,65.125084,0.950000,3.850000,-0.350000,65290.0000000.000000
0.000000,0.000000,0.000000,0.000000,123.000000,108.000000,73.000000,110.000000,149.000000,1779.000000,2083.775879,-61.287399,122.574997,416.755188,-12.257480,24.514999,454.509460,549.624817,4832.698242,90.901840,109.925034,966.544495,4887.617188,3802.117432,94878.445312,977.525391,760.424500,18975.705078,65.038010,0.950000,3.825000,-0.200000,65960.0000000.000000
0.000000,0.000000,0.000000,0.000000,598.000000,110.000000,230.000000,108.000000,147.000000,150.000000,2083.775879,-61.287399,122.574997,416.755188,-12.257480,24.514999,437.349030,560.350159,4870.818359,87.469772,112.070084,974.168640,5008.830566,3975.609619,96387.765625,1001.767700,795.122803,19277.570312,64.054688,1.000000,3.750000,-0.350000,66564.0000000.000000
0.000000,0.000000,0.000000,0.000000,688.000000,282.000000,138.000000,34.000000,198.000000,117.000000,-2022.488403,122.574898,122.575005,-404.497681,24.514980,24.515001,265.069824,576.836548,4904.403320,53.013931,115.367340,980.885803,5091.648438,4132.097168,97727.312500,1018.331177,826.420166,19545.478516,64.862923,0.975000,3.875000,-0.550000,67194.0000000.000000
0.000000,0.000000,0.000000,0.000000,664.000000,111.000000,348.000000,2304.000000,299.000000,80.000000,-2022.488403,122.574898,122.575005,-404.497681,24.514980,24.515001,534.244629,575.427002,4970.959473,106.848915,115.085403,994.197632,5371.216797,4442.147949,100410.812500,1074.245117,888.430542,20082.185547,64.054688,1.000000,3.750000,-0.375000,67912.0000000.000000
0.000000,0.000000,0.000000,0.000000,687.000000,283.000000,348.000000,2136.000000,150.000000,53.000000,-2022.488403,122.574898,122.575005,-404.497681,24.514980,24.515001,476.511902,588.358704,5019.252441,95.302361,117.671715,1003.856567,5587.491211,4671.136230,102379.445312,1117.499878,934.228088,20475.912109,64.595650,0.975000,3.800000,-0.400000,68647.0000000.000000
0.000000,0.000000,0.000000,0.000000,669.000000,266.000000,341.000000,33.000000,215.000000,47.000000,-2022.488403,122.574898,122.575005,-404.497681,24.514980,24.515001,339.656891,605.948303,5063.133789,67.931381,121.189613,1012.633057,5732.010742,4885.149902,104184.812500,1146.403687,977.030945,20836.988281,65.218010,0.925000,3.775000,-0.325000,69245.0000000.000000
0.000000,0.000000,0.000000,0.000000,587.000000,189.000000,299.000000,35.000000,149.000000,2375.000000,-2083.775879,122.574898,122.575005,-416.755188,24.514980,24.515001,625.379333,605.396790,5109.464844,125.075882,121.079262,1021.899841,5926.555664,5113.707031,106108.101562,1185.312500,1022.742249,21221.640625,65.305183,0.925000,3.800000,-0.300000,69977.0000000.000000
0.000000,0.000000,0.000000,0.000000,687.000000,107.000000,347.000000,31.000000,214.000000,348.000000,2206.351074,-61.287399,122.574997,441.270203,-12.257480,24.514999,766.769775,610.728943,5153.223633,153.353989,122.145660,1030.651855,6179.024414,5330.721680,107940.476562,1235.806519,1066.145264,21588.113281,64.949867,0.950000,3.800000,-0.375000,70572.0000000.000000
0.000000,0.000000,0.000000,0.000000,652.000000,108.000000,348.000000,0.000000,282.000000,2051.000000,2206.351074,-122.574898,122.574997,441.270203,-24.514980,24.514999,620.231384,647.378906,5280.699219,124.046349,129.475632,1056.147339,6811.473145,5988.831543,113368.140625,1362.296143,1197.766602,22673.650391,65.129753,0.925000,3.750000,-0.425000,72341.0000000.000000
0.000000,0.000000,0.000000,0.000000,571.000000,110.000000,349.000000,35.000000,132.000000,2050.000000,-2145.063477,183.862396,122.575005,-429.012695,36.772480,24.515001,497.778870,669.319519,5330.462891,99.555862,133.863831,1066.100708,7020.677734,6257.541016,115522.828125,1404.136597,1251.508423,23104.591797,65.476303,0.925000,3.850000,-0.375000,73050.0000000.000000
0.000000,0.000000,0.000000,0.000000,602.000000,188.000000,333.000000,33.000000,133.000000,2051.000000,-2083.775879,-0.000105,122.575005,-416.755188,-0.000021,24.515001,437.839661,671.832336,5391.872070,87.568024,134.366379,1078.382812,7269.910645,6591.706543,118209.812500,1453.983398,1318.341553,23641.990234,65.218010,0.925000,3.775000,-0.425000,73771.0000000.000000
0.000000,0.000000,0.000000,0.000000,672.000000,107.000000,317.000000,35.000000,249.000000,2132.000000,-2145.063477,-61.287605,122.575005,-429.012695,-12.257521,24.515001,599.516174,688.318726,5444.945312,119.903328,137.663681,1088.998047,7510.439453,6886.345215,120556.640625,1502.089233,1377.269409,24111.361328,64.595650,0.975000,3.800000,-0.375000,74474.0000000.000000
0.000000,0.000000,0.000000,0.000000,565.000000,282.000000,206.000000,37.000000,213.000000,2047.000000,2022.488403,122.575104,61.287498,404.497681,24.515020,12.257500,704.133911,703.273010,5491.215820,140.826920,140.654541,1098.251953,7777.221680,7152.217285,122640.515625,1555.445557,1430.443604,24528.138672,65.218010,0.925000,3.775000,-0.225000,75173.0000000.000000
0.000000,0.000000,0.000000,0.000000,591.000000,106.000000,125.000000,108.000000,124.000000,2051.000000,-2206.351074,-61.287605,122.574989,-441.270203,-12.257521,24.514997,629.792114,713.753235,5550.848145,125.958580,142.750534,1110.178345,8072.433105,7477.085938,125175.945312,1614.487671,1495.416870,25035.236328,65.576508,0.900000,3.775000,-0.400000,75876.0000000.000000
0.000000,0.000000,0.000000,0.000000,591.000000,112.000000,100.000000,35.000000,122.000000,2115.000000,-2022.488403,-61.287605,122.574989,-404.497681,-12.257521,24.514997,629.240540,725.030151,5598.160645,125.848267,145.005905,1119.641113,8341.482422,7755.987305,127328.242188,1668.298218,1551.196777,25465.701172,64.860619,0.950000,3.775000,-0.350000,76578.0000000.000000
0.000000,0.000000,0.000000,0.000000,668.000000,282.000000,98.000000,198.000000,299.000000,2114.000000,-2267.638672,-61.287605,122.574989,-453.527740,-12.257521,24.514997,614.899353,739.371582,5658.467285,122.979958,147.874146,1131.702759,8663.259766,8117.085938,130098.070312,1732.653809,1623.416382,26019.671875,66.019020,0.875000,3.800000,-0.350000,77308.0000000.000000
0.000000,0.000000,0.000000,0.000000,646.000000,266.000000,79.000000,35.000000,299.000000,2123.000000,2390.213867,122.575104,122.575012,478.042786,24.515020,24.515003,593.877808,752.303345,5715.708496,118.775627,150.460464,1143.151367,8920.207031,8464.602539,132754.843750,1784.043335,1692.919189,26551.029297,65.391266,0.925000,3.825000,-0.400000,78004.0000000.000000
0.000000,0.000000,0.000000,0.000000,633.000000,115.000000,69.000000,39.000000,248.000000,2048.000000,2206.351074,122.575104,122.575012,441.270203,24.515020,24.515003,672.142090,768.973755,5770.622559,134.428467,153.794495,1154.134277,9197.496094,8805.289062,135328.484375,1839.501343,1761.056641,27065.755859,64.678757,0.950000,3.725000,-0.250000,78698.0000000.000000
0.000000,0.000000,0.000000,0.000000,548.000000,116.000000,68.000000,38.000000,231.000000,333.000000,1899.913452,122.575104,122.575012,379.982697,24.515020,24.515003,725.707336,783.621460,5820.387207,145.141541,156.724045,1164.087524,9480.236328,9120.596680,137682.046875,1896.049805,1824.118042,27536.472656,65.403145,0.900000,3.725000,-0.400000,79321.0000000.000000
0.000000,0.000000,0.000000,0.000000,648.000000,266.000000,69.000000,213.000000,299.000000,331.000000,-1899.913452,-61.287605,122.574989,-379.982697,-12.257521,24.514997,721.723572,795.695251,5870.152832,144.344833,159.138763,1174.040649,9768.114258,9441.053711,140055.796875,1953.625610,1888.209351,28011.234375,65.129753,0.925000,3.750000,-0.275000,79934.0000000.000000
0.000000,0.000000,0.000000,0.000000,900.000000,115.000000,70.000000,38.000000,266.000000,331.000000,1961.200928,122.575104,122.575012,392.240173,24.515020,24.515003,889.835327,817.758972,5928.989258,177.967163,163.551483,1185.807983,10202.427734,9830.734375,142888.578125,2040.488281,1966.145264,28577.792969,65.852089,0.875000,3.750000,-0.300000,80570.0000000.000000
0.000000,0.000000,0.000000,0.000000,683.000000,265.000000,69.000000,37.000000,248.000000,342.000000,2083.775879,122.575104,122.575012,416.755188,24.515020,24.515003,873.778076,826.032837,5967.231445,174.755707,165.206253,1193.456787,10466.128906,10086.726562,144744.750000,2093.228516,2017.343750,28949.035156,64.054688,1.000000,3.750000,-0.350000,81161.0000000.000000
0.000000,0.000000,0.000000,0.000000,636.000000,188.000000,68.000000,195.000000,144.000000,2050.000000,-2206.351074,-61.287605,122.574989,-441.270203,-12.257521,24.514997,673.490295,832.652100,6029.744141,134.698181,166.530090,1205.959595,10838.402344,10508.899414,147805.078125,2167.683350,2101.778320,29561.099609,64.318291,0.975000,3.725000,-0.250000,81917.0000000.000000
0.000000,0.000000,0.000000,0.000000,567.000000,205.000000,75.000000,40.000000,147.000000,2411.000000,-2022.488403,-61.287605,122.574989,-404.497681,-12.257521,24.514997,811.203308,854.470520,6094.218750,162.240768,170.893753,1218.854492,11255.875000,10953.974609,150994.546875,2251.177734,2190.793457,30199.000000,64.770256,0.950000,3.750000,-0.250000,82649.0000000.000000
0.000000,0.000000,0.000000,0.000000,639.000000,284.000000,74.000000,214.000000,146.000000,2132.000000,-1961.200928,-61.287605,122.574989,-392.240173,-12.257521,24.514997,873.103760,870.589111,6148.396484,174.620819,174.117462,1229.690186,11648.643555,11336.311523,153700.765625,2329.731201,2267.260010,30740.261719,65.490372,0.900000,3.750000,-0.275000,83376.0000000.000000
0.000000,0.000000,0.000000,0.000000,132.000000,109.000000,71.000000,35.000000,149.000000,2131.000000,-2022.488403,-61.287605,122.574989,-404.497681,-12.257521,24.514997,835.902222,880.640259,6197.057617,167.180527,176.127670,1239.422974,11988.511719,11684.104492,156151.968750,2397.705322,2336.818359,31230.509766,64.770256,0.950000,3.750000,-0.300000,84035.0000000.000000
0.000000,0.000000,0.000000,0.000000,204.000000,282.000000,213.000000,2138.000000,149.000000,2051.000000,-2022.488403,-61.287605,122.574989,-404.497681,-12.257521,24.514997,1122.482788,908.893921,6262.266113,224.496658,181.778427,1252.465088,12580.494141,12163.588867,159467.437500,2516.101562,2432.715088,31893.621094,64.678757,0.950000,3.725000,-0.375000,84919.0000000.000000
0.000000,0.000000,0.000000,0.000000,516.000000,122.000000,215.000000,2187.000000,332.000000,2053.000000,-2206.351074,-122.575104,122.574989,-441.270203,-24.515020,24.514997,879.967773,911.774597,6320.979004,175.993759,182.354568,1264.207886,13078.856445,12600.881836,162482.125000,2615.774170,2520.174316,32496.560547,65.852089,0.875000,3.750000,-0.325000,85737.0000000.000000
0.000000,0.000000,0.000000,0.000000,545.000000,106.000000,149.000000,2137.000000,153.000000,2131.000000,2022.488403,183.862610,122.575012,404.497681,36.772522,24.515003,1113.656738,943.214905,6380.548828,222.731598,188.642670,1276.122559,13610.256836,13055.235352,165569.468750,2722.053955,2611.045166,33114.035156,65.576508,0.900000,3.775000,-0.300000,86584.0000000.000000
0.000000,0.000000,0.000000,0.000000,94.000000,107.000000,348.000000,31.000000,265.000000,2051.000000,2022.488403,245.150116,122.575012,404.497681,49.030022,24.515003,1265.404541,970.916931,6429.578125,253.081161,194.183014,1285.928711,14094.485352,13439.150391,168132.328125,2818.899902,2687.827881,33626.617188,64.949867,0.950000,3.800000,-0.175000,87263.0000000.000000
0.000000,0.000000,0.000000,0.000000,532.000000,105.000000,348.000000,2322.000000,332.000000,2133.000000,2145.063477,245.150116,61.287514,429.012695,49.030022,12.257503,1092.757568,965.646179,6489.944824,218.551773,193.128769,1298.001343,14605.702148,13874.085938,171047.015625,2921.144287,2774.815186,34209.562500,65.038010,0.950000,3.825000,-0.450000,88126.0000000.000000
0.000000,0.000000,0.000000,0.000000,110.000000,107.000000,623.000000,2135.000000,122.000000,2341.000000,-2083.775879,-183.862610,306.437500,-416.755188,-36.772522,61.287498,1007.506592,970.794373,6549.883301,201.501602,194.158386,1309.989258,15038.969727,14298.250977,173925.218750,3007.798584,2859.649170,34785.207031,65.767029,0.875000,3.725000,-0.250000,88957.0000000.000000
0.000000,0.000000,0.000000,0.000000,110.000000,135.000000,348.000000,50.000000,197.000000,2132.000000,2083.775879,306.437622,-183.862518,416.755188,61.287525,-36.772503,1119.662720,993.899780,6581.142090,223.932831,198.779373,1316.240479,15424.712891,14647.841797,176256.140625,3084.947998,2929.566895,35251.394531,64.949867,0.950000,3.800000,-0.275000,89643.0000000.000000
0.000000,0.000000,0.000000,0.000000,110.000000,149.000000,1282.000000,47.000000,196.000000,2130.000000,-2206.351074,-429.012634,429.012512,-441.270203,-85.802528,85.802505,986.178345,978.210144,6655.116699,197.235962,195.641449,1331.035278,15875.774414,15081.719727,179177.515625,3175.160400,3016.342041,35835.664062,64.504341,0.975000,3.775000,-0.275000,90390.0000000.000000
0.000000,0.000000,0.000000,0.000000,109.000000,150.000000,633.000000,48.000000,94.000000,2123.000000,-2145.063477,-490.300140,429.012512,-429.012695,-98.060028,85.802505,901.601562,964.175293,6707.579102,180.320618,192.834457,1341.527588,16169.868164,15396.635742,181371.687500,3233.978271,3079.325439,36274.503906,65.745590,0.900000,3.825000,-0.325000,91089.0000000.000000
0.000000,0.000000,0.000000,0.000000,101.000000,317.000000,345.000000,48.000000,248.000000,2051.000000,-2083.775879,-183.862610,367.725006,-416.755188,-36.772522,73.544998,881.682983,967.852600,6752.319824,176.336960,193.569962,1350.475708,16465.759766,15713.916016,183579.156250,3293.157471,3142.781250,36716.007812,65.038010,0.950000,3.825000,-0.475000,91768.0000000.000000
0.000000,0.000000,0.000000,0.000000,599.000000,147.000000,348.000000,104.000000,109.000000,2242.000000,-2145.063477,-306.437622,367.725006,-429.012695,-61.287525,73.544998,996.106812,983.051880,6795.713867,199.221695,196.609833,1359.154053,16921.667969,16157.625977,186624.375000,3384.340088,3231.523682,37325.062500,65.680870,0.875000,3.700000,-0.500000,92487.0000000.000000
0.000000,0.000000,0.000000,0.000000,108.000000,311.000000,197.000000,48.000000,265.000000,2122.000000,2267.638672,429.012634,-122.575005,453.527740,85.802528,-24.515001,1301.563354,1036.126831,6809.688477,260.313049,207.224838,1361.948730,17403.796875,16550.480469,189219.203125,3480.765625,3310.093506,37844.042969,64.504341,0.975000,3.775000,-0.425000,93168.0000000.000000
0.000000,0.000000,0.000000,0.000000,99.000000,282.000000,113.000000,105.000000,112.000000,348.000000,-2206.351074,-490.300140,367.725006,-441.270203,-98.060028,73.544998,1279.193359,1031.530273,6852.958984,255.839050,206.305511,1370.602417,17816.056641,16886.646484,191454.546875,3563.217041,3377.326416,38291.117188,64.411888,0.975000,3.750000,-0.300000,93742.0000000.000000
0.000000,0.000000,0.000000,0.000000,1249.000000,283.000000,198.000000,282.000000,282.000000,349.000000,-2267.638672,-429.012634,429.012512,-453.527740,-85.802528,85.802505,1413.474365,1076.454224,6888.140137,282.695251,215.290268,1377.638062,18400.343750,17325.855469,194261.515625,3680.075195,3465.167969,38852.527344,64.149200,1.000000,3.775000,-0.425000,94387.0000000.000000
0.000000,0.000000,0.000000,0.000000,613.000000,142.000000,78.000000,215.000000,103.000000,2052.000000,2267.638916,674.162598,-245.150024,453.527771,134.832520,-49.030006,1469.858765,1092.143677,6932.575195,293.972107,218.428162,1386.524536,18996.380859,17763.138672,197016.437500,3799.282715,3552.625244,39403.519531,65.038010,0.950000,3.825000,-0.375000,95095.0000000.000000
0.000000,0.000000,0.000000,0.000000,1385.000000,141.000000,109.000000,60.000000,88.000000,2220.000000,2267.638916,735.450134,-183.862518,453.527771,147.090027,-36.772503,1406.119141,1084.667114,7000.483398,281.224304,216.932800,1400.105469,19559.421875,18213.189453,199999.984375,3911.891113,3642.634766,40000.234375,64.242546,1.000000,3.800000,-0.325000,95849.0000000.000000
0.000000,0.000000,0.000000,0.000000,633.000000,172.000000,331.000000,2322.000000,104.000000,1774.000000,-2206.351318,-674.162659,490.300018,-441.270264,-134.832535,98.060005,1243.278076,1041.459106,7095.481445,248.656128,208.291245,1419.104980,20302.333984,18796.267578,203802.328125,4060.474854,3759.250488,40760.703125,64.149200,1.000000,3.775000,-0.450000,96688.0000000.000000
0.000000,0.000000,0.000000,0.000000,634.000000,136.000000,348.000000,2137.000000,104.000000,348.000000,2022.488647,735.450134,-183.862518,404.497742,147.090027,-36.772503,1184.870972,1026.688843,7159.222656,236.974716,205.337158,1431.853027,20835.101562,19245.582031,206880.734375,4167.028320,3849.114502,41376.390625,64.949867,0.950000,3.800000,-0.425000,97454.0000000.000000
0.000000,0.000000,0.000000,0.000000,634.000000,141.000000,346.000000,214.000000,101.000000,2053.000000,-1961.201172,-674.162659,429.012512,-392.240234,-134.832535,85.802505,1129.895752,1015.473450,7220.634766,225.979721,203.094025,1444.135010,21296.521484,19663.349609,209875.468750,4259.313477,3932.669434,41975.335938,64.774918,0.975000,3.850000,-0.400000,98166.0000000.000000
0.000000,0.000000,0.000000,0.000000,583.000000,139.000000,246.000000,231.000000,105.000000,348.000000,-1838.626221,-735.450134,429.012512,-367.725250,-147.090027,85.802505,1183.706177,1040.355957,7260.473633,236.741821,208.070572,1452.102295,21744.886719,20057.003906,212625.984375,4348.986328,4011.400635,42525.453125,64.949867,0.950000,3.800000,-0.325000,98783.0000000.000000
0.000000,0.000000,0.000000,0.000000,681.000000,249.000000,345.000000,48.000000,196.000000,334.000000,1838.626221,796.737610,-122.575005,367.725250,159.347519,-24.515001,1311.429932,1098.946411,7286.031738,262.286530,219.788757,1457.213501,22178.208984,20422.812500,215075.578125,4435.649902,4084.562256,43015.382812,64.949867,0.950000,3.800000,-0.300000,99418.0000000.000000
0.000000,0.000000,0.000000,0.000000,621.000000,198.000000,299.000000,48.000000,125.000000,78.000000,-1777.338745,-796.737610,367.725006,-355.467743,-159.347519,73.544998,1200.376587,1053.164551,7350.262207,240.075912,210.632401,1470.059326,22649.675781,20833.406250,217917.781250,4529.942871,4166.681641,43583.808594,64.411888,0.975000,3.750000,-0.375000,99996.0000000.000000
0.000000,0.000000,0.000000,0.000000,572.000000,135.000000,346.000000,67.000000,232.000000,100.000000,1838.626221,980.600098,-122.575005,367.725250,196.120026,-24.515001,1062.969482,975.329590,7413.757324,212.594513,195.065353,1482.757935,23059.882812,21196.890625,220530.515625,4611.983398,4239.378906,44106.359375,65.129753,0.925000,3.750000,-0.300000,100597.0000000.000000
0.000000,0.000000,0.000000,0.000000,665.000000,265.000000,343.000000,52.000000,231.000000,125.000000,-1777.338745,-980.600098,367.725006,-355.467743,-196.120026,73.544998,944.868225,916.248596,7479.704102,188.974197,183.249161,1495.946899,23462.910156,21573.927734,223464.171875,4692.589844,4314.786133,44693.082031,65.218010,0.925000,3.775000,-0.375000,101203.0000000.000000
0.000000,0.000000,0.000000,0.000000,701.000000,131.000000,138.000000,196.000000,127.000000,149.000000,-1838.626221,-919.312622,367.725006,-367.725250,-183.862518,73.544998,1152.816895,1018.843872,7494.660156,230.563904,203.768188,1498.937744,23821.433594,21903.617188,225994.937500,4764.294434,4380.724609,45199.234375,64.685829,0.975000,3.825000,-0.300000,101834.0000000.000000
0.000000,0.000000,0.000000,0.000000,0.000000,300.000000,84.000000,48.000000,129.000000,348.000000,-1838.626221,-980.600098,367.725006,-367.725250,-196.120026,73.544998,1394.964478,1141.664062,7582.917969,278.993347,228.332153,1516.588379,25132.542969,22978.423828,233130.093750,5026.513672,4595.687988,46626.273438,64.685829,0.975000,3.825000,-0.325000,103410.0000000.000000
0.000000,0.000000,0.000000,0.000000,688.000000,225.000000,85.000000,47.000000,232.000000,346.000000,1961.201172,980.600098,-122.575005,392.240234,196.120026,-24.515001,1627.979614,1269.203369,7597.383789,325.596375,253.840027,1519.481201,25702.597656,23427.654297,235875.343750,5140.524902,4685.533203,47175.320312,64.595650,0.975000,3.800000,-0.325000,104005.0000000.000000
0.000000,0.000000,0.000000,0.000000,618.000000,127.000000,81.000000,214.000000,129.000000,347.000000,1961.201172,919.312622,-122.575005,392.240234,183.862518,-24.515001,1542.544800,1229.305054,7656.956055,308.509491,245.860428,1531.395508,26310.570312,23907.609375,238820.500000,5262.120117,4781.523438,47764.363281,64.149200,1.000000,3.775000,-0.450000,104619.0000000.000000
0.000000,0.000000,0.000000,0.000000,1619.000000,266.000000,81.000000,214.000000,299.000000,215.000000,1899.913696,980.600098,-122.575005,379.982727,196.120026,-24.515001,1387.180542,1150.856689,7730.134766,277.436707,230.170822,1546.031128,26891.234375,24391.925781,242080.828125,5378.252930,4878.386719,48416.441406,65.661583,0.900000,3.800000,-0.325000,105271.0000000.000000
0.000000,0.000000,0.000000,0.000000,639.000000,189.000000,71.000000,47.000000,133.000000,2757.000000,1899.913696,1041.887573,-122.575005,379.982727,208.377518,-24.515001,1115.063965,1007.934753,7823.293945,223.013336,201.586243,1564.662476,27432.669922,24866.546875,245600.062500,5486.541504,4973.309570,49120.296875,65.490372,0.900000,3.750000,-0.250000,106041.0000000.000000
0.000000,0.000000,0.000000,0.000000,654.000000,124.000000,127.000000,55.000000,134.000000,2056.000000,1899.913696,1041.887573,-122.575005,379.982727,208.377518,-24.515001,1075.779053,994.206360,7884.705566,215.156265,198.840530,1576.944336,27910.771484,25307.742188,249113.046875,5582.160156,5061.547363,49822.898438,65.403145,0.900000,3.725000,-0.300000,106758.0000000.000000
0.000000,0.000000,0.000000,0.000000,620.000000,282.000000,132.000000,55.000000,139.000000,299.000000,1899.913696,1103.175049,-122.575005,379.982727,220.635010,-24.515001,1136.453857,1039.926758,7922.337891,227.291214,207.984573,1584.470337,28296.771484,25671.023438,252032.906250,5659.358887,5134.204102,50406.875000,65.576508,0.900000,3.775000,-0.325000,107368.0000000.000000
0.000000,0.000000,0.000000,0.000000,610.000000,123.000000,152.000000,52.000000,249.000000,299.000000,1716.051270,1103.175049,-122.575005,343.210266,220.635010,-24.515001,1160.907593,1058.067627,7957.764160,232.181961,211.612823,1591.555298,28645.087891,25992.611328,254503.796875,5729.022461,5198.520996,50901.062500,64.678757,0.950000,3.725000,-0.425000,107965.0000000.000000
0.000000,0.000000,0.000000,0.000000,665.000000,266.000000,339.000000,45.000000,229.000000,240.000000,1838.626221,980.600098,-122.575005,367.725250,196.120026,-24.515001,1307.507568,1136.270752,7983.383789,261.501923,227.253387,1596.678711,29074.441406,26378.736328,257367.578125,5814.893555,5275.745605,51473.820312,65.218010,0.925000,3.775000,-0.325000,108584.0000000.000000
0.000000,0.000000,0.000000,0.000000,615.000000,281.000000,348.000000,58.000000,121.000000,156.000000,1961.201172,1041.887573,-122.575005,392.240234,208.377518,-24.515001,1228.385254,1088.650391,8038.666504,245.677475,217.729279,1607.734741,29528.101562,26776.566406,260227.859375,5905.624023,5355.311035,52045.886719,64.678757,0.950000,3.725000,-0.300000,109200.0000000.000000
0.000000,0.000000,0.000000,0.000000,680.000000,123.000000,347.000000,55.000000,249.000000,316.000000,-1899.913696,-1041.887573,367.725006,-379.982727,-208.377518,73.544998,1202.337769,1079.947144,8077.892090,240.468063,215.988708,1615.579468,29867.966797,27081.900391,262517.531250,5973.596680,5416.376465,52503.812500,66.377502,0.850000,3.800000,-0.375000,109812.0000000.000000
0.000000,0.000000,0.000000,0.000000,903.000000,282.000000,299.000000,47.000000,249.000000,124.000000,-1961.201172,-1041.887573,367.725006,-392.240234,-208.377518,73.544998,1325.280396,1152.572876,8108.660156,265.056580,230.513855,1621.732422,30356.406250,27506.408203,265501.656250,6071.285645,5501.278320,53100.644531,65.218010,0.925000,3.775000,-0.425000,110438.0000000.000000
0.000000,0.000000,0.000000,0.000000,681.000000,171.000000,299.000000,57.000000,119.000000,214.000000,-1838.626221,-1103.175049,367.725006,-367.725250,-220.635010,73.544998,1376.639404,1184.319946,8143.350586,275.328339,236.863235,1628.670166,30805.730469,27891.941406,268141.843750,6161.148926,5578.385742,53628.691406,65.767029,0.875000,3.725000,-0.425000,111036.0000000.000000
0.000000,0.000000,0.000000,0.000000,615.000000,126.000000,348.000000,231.000000,282.000000,282.000000,-1899.913696,-1103.175049,429.012512,-379.982727,-220.635010,85.802505,1454.842529,1241.807861,8191.523926,290.968933,248.360779,1638.304688,31438.822266,28429.113281,271675.968750,6287.768555,5685.819824,54335.523438,65.218010,0.925000,3.775000,-0.250000,111656.0000000.000000
0.000000,0.000000,0.000000,0.000000,685.000000,266.000000,348.000000,316.000000,89.000000,111.000000,-1838.626221,-980.600098,490.300018,-367.725250,-196.120026,98.060005,1508.530762,1283.851440,8224.618164,301.706512,256.769409,1644.923584,31951.632812,28863.257812,274457.125000,6390.331055,5772.647461,54891.773438,64.949867,0.950000,3.800000,-0.400000,112266.0000000.000000
0.000000,0.000000,0.000000,0.000000,1388.000000,347.000000,299.000000,46.000000,248.000000,109.000000,1838.626221,1041.887573,-245.150024,367.725250,208.377518,-49.030006,1582.197876,1330.430298,8255.443359,316.440094,266.085144,1651.089233,32593.201172,29398.419922,277731.093750,6518.643555,5879.678711,55546.566406,64.411888,0.975000,3.750000,-0.300000,112933.0000000.000000
0.000000,0.000000,0.000000,0.000000,683.000000,267.000000,347.000000,47.000000,197.000000,109.000000,-1777.338745,-980.600098,490.300018,-355.467743,-196.120026,98.060005,1398.886597,1232.370605,8335.360352,279.777893,246.473114,1667.072754,33077.769531,29817.687500,280479.187500,6615.556152,5963.532227,56096.179688,63.343868,1.050000,3.750000,-0.325000,113537.0000000.000000
0.000000,0.000000,0.000000,0.000000,646.000000,189.000000,300.000000,45.000000,90.000000,197.000000,-1777.338745,-980.600098,490.300018,-355.467743,-196.120026,98.060005,1312.348389,1188.856567,8399.587891,262.470245,237.770264,1679.918457,33567.707031,30255.568359,283509.156250,6713.545410,6051.108398,56702.167969,65.305183,0.925000,3.800000,-0.350000,114132.0000000.000000
0.000000,0.000000,0.000000,0.000000,643.000000,347.000000,299.000000,40.000000,91.000000,299.000000,1838.626221,980.600098,-245.150024,367.725250,196.120026,-49.030006,1339.804688,1206.507324,8448.615234,267.961670,241.300430,1689.724731,34126.007812,30760.023438,287056.218750,6825.204590,6152.000488,57411.566406,63.635971,1.050000,3.825000,-0.350000,114754.0000000.000000
0.000000,0.000000,0.000000,0.000000,664.000000,266.000000,528.000000,108.000000,92.000000,131.000000,1838.626221,980.600098,-245.150024,367.725250,196.120026,-49.030006,1364.503662,1225.445312,8499.360352,272.901459,245.088013,1699.873901,34713.246094,31286.896484,290717.281250,6942.653809,6257.374512,58143.785156,64.334747,1.000000,3.825000,-0.275000,115367.0000000.000000
0.000000,0.000000,0.000000,0.000000,682.000000,336.000000,332.000000,55.000000,95.000000,125.000000,1838.626221,980.600098,-245.150024,367.725250,196.120026,-49.030006,1250.508423,1170.286377,8567.754883,250.102493,234.056290,1713.553223,35158.503906,31700.242188,293715.687500,7031.705078,6340.043457,58743.484375,64.595650,0.975000,3.800000,-0.350000,115977.0000000.000000
0.000000,0.000000,0.000000,0.000000,1603.000000,299.000000,345.000000,42.000000,198.000000,131.000000,-1777.338745,-1041.887573,490.300018,-355.467743,-208.377518,98.060005,1169.731445,1132.839844,8639.825195,233.947006,226.566971,1727.967773,35647.261719,32180.164062,297440.375000,7129.458008,6436.026855,59488.433594,64.425835,1.000000,3.850000,-0.250000,116635.0000000.000000
0.000000,0.000000,0.000000,0.000000,532.000000,172.000000,300.000000,42.000000,97.000000,232.000000,1838.626221,980.600098,-245.150024,367.725250,196.120026,-49.030006,1126.891113,1109.979370,8688.852539,225.378937,221.994965,1737.773438,36000.656250,32527.472656,300154.000000,7200.139648,6505.489746,60031.152344,64.242546,1.000000,3.800000,-0.325000,117223.0000000.000000
0.000000,0.000000,0.000000,0.000000,1555.000000,347.000000,338.000000,44.000000,231.000000,347.000000,1777.338745,919.312622,-245.150024,355.467743,183.862518,-49.030006,1098.453735,1101.276611,8758.226562,219.691391,220.254410,1751.649048,36510.644531,33053.074219,304472.562500,7302.138184,6610.609375,60894.875000,63.090839,1.075000,3.775000,-0.300000,117904.0000000.000000
0.000000,0.000000,0.000000,0.000000,636.000000,342.000000,299.000000,44.000000,94.000000,225.000000,1777.338745,919.312622,-306.437531,355.467743,183.862518,-61.287506,1143.745361,1127.875122,8790.034180,228.749680,225.574173,1758.010742,36887.324219,33443.085938,307674.125000,7377.474121,6688.610840,61535.179688,64.504341,0.975000,3.775000,-0.350000,118501.0000000.000000
0.000000,0.000000,0.000000,0.000000,582.000000,347.000000,118.000000,43.000000,248.000000,300.000000,-1777.338745,-858.025146,551.587524,-355.467743,-171.605026,110.317505,1189.466187,1153.860474,8824.844727,237.893784,230.771362,1764.973022,37305.347656,33849.121094,310791.187500,7461.078125,6769.816895,62158.589844,64.411888,0.975000,3.750000,-0.225000,119098.0000000.000000
0.000000,0.000000,0.000000,0.000000,683.000000,300.000000,104.000000,197.000000,93.000000,346.000000,1716.051270,735.450195,-306.437531,343.210266,147.090042,-61.287506,1273.307617,1193.390869,8854.752930,254.662094,238.677444,1770.954834,37786.167969,34304.507812,314184.468750,7557.243652,6860.893066,62837.234375,64.242546,1.000000,3.800000,-0.250000,119694.0000000.000000
0.000000,0.000000,0.000000,0.000000,1338.000000,347.000000,249.000000,45.000000,282.000000,347.000000,-1654.763794,-796.737671,551.587524,-330.952759,-159.347534,110.317505,1125.910645,1127.935669,8946.866211,225.182816,225.586411,1789.377930,38260.500000,34777.878906,317921.968750,7652.109863,6955.565918,63584.742188,65.305183,0.925000,3.800000,-0.325000,120348.0000000.000000
0.000000,0.000000,0.000000,0.000000,126.000000,347.000000,60.000000,43.000000,93.000000,589.000000,1777.338745,858.025146,-306.437531,355.467743,171.605026,-61.287506,1004.377747,1070.632202,9022.187500,200.876205,214.125656,1804.442749,38621.578125,35146.132812,320894.125000,7724.327148,7029.215820,64179.175781,63.288315,1.075000,3.825000,-0.475000,120928.0000000.000000
0.000000,0.000000,0.000000,0.000000,583.000000,265.000000,50.000000,232.000000,93.000000,348.000000,-1654.763794,-796.737671,551.587524,-330.952759,-159.347534,110.317505,946.093262,1040.417603,9082.799805,189.219315,208.082703,1816.565430,38964.496094,35516.359375,324071.875000,7792.911133,7103.260742,64814.726562,63.539795,1.050000,3.800000,-0.250000,121504.0000000.000000
0.000000,0.000000,0.000000,0.000000,797.000000,347.000000,38.000000,43.000000,93.000000,317.000000,1777.338745,796.737671,-306.437531,355.467743,159.347534,-61.287506,1090.854492,1105.014893,9084.882812,218.171585,221.002121,1816.982300,39264.175781,35829.593750,326705.531250,7852.846680,7165.909180,65341.460938,63.190174,1.075000,3.800000,-0.400000,122107.0000000.000000
0.000000,0.000000,0.000000,0.000000,85.000000,322.000000,38.000000,42.000000,249.000000,318.000000,-1654.763794,-674.162720,551.587524,-330.952759,-134.832550,110.317505,922.068787,1025.525146,9186.192383,184.414398,205.104141,1837.243896,39677.621094,36288.906250,330780.250000,7935.537109,7257.770996,66156.429688,63.090839,1.075000,3.775000,-0.350000,122687.0000000.000000
0.000000,0.000000,0.000000,0.000000,86.000000,347.000000,37.000000,43.000000,94.000000,347.000000,-1470.901367,-796.737671,551.587524,-294.180267,-159.347534,110.317505,1000.271729,1056.536499,9207.580078,200.054993,211.306458,1841.522095,39987.542969,36616.910156,333638.156250,7997.521484,7323.372070,66728.031250,63.890587,1.025000,3.800000,-0.275000,123260.0000000.000000
0.000000,0.000000,0.000000,0.000000,93.000000,130.000000,38.000000,248.000000,93.000000,316.000000,-1409.613892,-1041.887573,551.587524,-281.922791,-208.377518,110.317505,1208.097778,1169.857056,9192.810547,241.620163,233.970581,1838.567993,40372.335938,36994.851562,336678.843750,8074.480957,7398.958496,67336.164062,63.442429,1.050000,3.775000,-0.300000,123830.0000000.000000
0.000000,0.000000,0.000000,0.000000,90.000000,341.000000,43.000000,94.000000,93.000000,306.000000,1532.188843,1041.887573,-306.437531,306.437775,208.377518,-61.287506,1242.725586,1192.288208,9224.556641,248.545609,238.456848,1844.917480,40736.167969,37348.703125,339519.562500,8147.247559,7469.730469,67904.328125,63.795223,1.025000,3.775000,-0.300000,124393.0000000.000000
0.000000,0.000000,0.000000,0.000000,133.000000,320.000000,58.000000,298.000000,92.000000,597.000000,1777.338745,1164.462524,-306.437531,355.467743,232.892502,-61.287506,1166.116211,1134.065063,9301.104492,233.223709,226.812225,1860.227173,41157.679688,37767.761719,343079.312500,8231.550781,7553.543457,68616.265625,63.635971,1.050000,3.825000,-0.350000,124981.0000000.000000
0.000000,0.000000,0.000000,0.000000,596.000000,282.000000,68.000000,232.000000,94.000000,284.000000,1654.763794,1225.750000,-306.437531,330.952759,245.149994,-61.287506,1154.961914,1125.177979,9354.177734,230.992844,225.034897,1870.842163,41592.957031,38193.984375,346664.406250,8318.607422,7638.787598,69333.265625,64.077850,1.025000,3.850000,-0.300000,125575.0000000.000000
0.000000,0.000000,0.000000,0.000000,547.000000,343.000000,82.000000,136.000000,95.000000,348.000000,-1532.188843,-1225.750000,551.587524,-306.437775,-245.149994,110.317505,1156.800537,1122.787476,9412.584961,231.360565,224.556870,1882.523560,42119.226562,38703.804688,350837.843750,8423.861328,7740.750977,70167.960938,63.890587,1.025000,3.800000,-0.350000,126190.0000000.000000
0.000000,0.000000,0.000000,0.000000,551.000000,333.000000,106.000000,46.000000,266.000000,340.000000,-1532.188843,-1225.750000,551.587524,-306.437775,-245.149994,110.317505,1254.370361,1191.797363,9432.011719,250.874542,238.358841,1886.409180,42535.183594,39101.222656,354011.093750,8507.049805,7820.235840,70802.601562,64.504341,0.975000,3.775000,-0.225000,126784.0000000.000000
0.000000,0.000000,0.000000,0.000000,140.000000,346.000000,139.000000,45.000000,93.000000,232.000000,-1654.763794,-1225.750000,551.587524,-330.952759,-245.149994,110.317505,1341.766235,1246.955933,9458.917969,268.353790,249.390594,1891.790283,43036.093750,39569.558594,357569.718750,8607.230469,7913.903809,71514.312500,64.595650,0.975000,3.800000,-0.225000,127356.0000000.000000
0.000000,0.000000,0.000000,0.000000,579.000000,347.000000,299.000000,48.000000,264.000000,283.000000,-1470.901367,-1348.324951,551.587524,-294.180267,-269.664978,110.317505,1278.762451,1180.275024,9525.475586,255.753113,236.054428,1905.102173,43506.652344,40004.105469,360928.687500,8701.341797,8000.813965,72186.117188,64.334747,1.000000,3.825000,-0.300000,127974.0000000.000000
0.000000,0.000000,0.000000,0.000000,140.000000,346.000000,222.000000,41.000000,214.000000,348.000000,1777.338745,1470.899902,-306.437531,355.467743,294.179993,-61.287506,1474.392334,1345.260620,9531.481445,294.879059,269.051544,1906.303711,44121.703125,40568.222656,365059.968750,8824.351562,8113.636719,73012.367188,63.385269,1.075000,3.850000,-0.350000,128567.0000000.000000
0.000000,0.000000,0.000000,0.000000,869.000000,343.000000,333.000000,37.000000,97.000000,197.000000,-1593.476318,-1470.899902,551.587524,-318.695251,-294.179993,110.317505,1338.088379,1210.734619,9614.158203,267.618378,242.146317,1922.839355,44601.019531,41004.410156,368404.281250,8920.214844,8200.874023,73681.218750,63.890587,1.025000,3.800000,-0.375000,129175.0000000.000000
0.000000,0.000000,0.000000,0.000000,647.000000,347.000000,284.000000,107.000000,97.000000,198.000000,-1654.763794,-1593.474854,612.875061,-330.952759,-318.694977,122.575012,1333.981445,1199.089844,9662.455078,266.797150,239.817398,1932.498291,45060.578125,41418.671875,371730.468750,9012.125977,8283.723633,74346.476562,63.190174,1.075000,3.800000,-0.400000,129798.0000000.000000
0.000000,0.000000,0.000000,0.000000,142.000000,347.000000,348.000000,299.000000,96.000000,348.000000,1716.051270,1777.337280,-367.725067,343.210266,355.467468,-73.545013,1388.220459,1253.268066,9691.388672,277.645081,250.653000,1938.283691,45521.246094,41833.097656,375021.687500,9104.261719,8366.611328,75004.734375,63.730988,1.050000,3.850000,-0.325000,130389.0000000.000000
0.000000,0.000000,0.000000,0.000000,636.000000,347.000000,316.000000,45.000000,98.000000,196.000000,-1654.763794,-1654.762329,612.875061,-330.952759,-330.952454,122.575012,1270.854492,1131.673340,9771.556641,254.171951,226.334091,1954.316650,45980.644531,42243.929688,378429.875000,9196.139648,8448.778320,75686.398438,65.305183,0.925000,3.800000,-0.375000,130994.0000000.000000
0.000000,0.000000,0.000000,0.000000,143.000000,282.000000,206.000000,54.000000,231.000000,348.000000,-1654.763794,-1593.474854,612.875061,-330.952759,-318.694977,122.575012,1256.206299,1118.864258,9821.450195,251.242416,223.772293,1964.294312,46427.808594,42642.890625,381827.187500,9285.575195,8528.569336,76365.890625,64.860619,0.950000,3.775000,-0.350000,131613.0000000.000000
0.000000,0.000000,0.000000,0.000000,615.000000,337.000000,282.000000,45.000000,101.000000,348.000000,1716.051270,1838.624756,-367.725067,343.210266,367.724945,-73.545013,1268.770142,1129.099243,9871.708008,253.755219,225.819290,1974.345459,46941.539062,43099.058594,385866.281250,9388.320312,8619.802734,77173.687500,64.595650,0.975000,3.800000,-0.350000,132223.0000000.000000
0.000000,0.000000,0.000000,0.000000,855.000000,248.000000,254.000000,44.000000,197.000000,347.000000,1654.763794,1961.199707,-367.725067,330.952759,392.239929,-73.545013,1060.514771,896.513245,9975.654297,212.104218,179.302094,1995.134399,47317.300781,43422.792969,389195.593750,9463.472656,8684.545898,77839.554688,64.949867,0.950000,3.800000,-0.375000,132862.0000000.000000
0.000000,0.000000,0.000000,0.000000,641.000000,113.000000,347.000000,52.000000,340.000000,299.000000,1654.763794,1961.199707,-367.725067,330.952759,392.239929,-73.545013,986.050415,804.765991,10035.598633,197.211380,160.952621,2007.122314,47595.695312,43649.695312,392051.625000,9519.153320,8729.926758,78410.757812,63.984791,1.025000,3.825000,-0.300000,133455.0000000.000000
0.000000,0.000000,0.000000,0.000000,2022.000000,249.000000,343.000000,99.000000,347.000000,348.000000,1593.476318,1961.199707,-245.150085,318.695251,392.239929,-49.030018,1130.627808,976.738647,10049.881836,226.126831,195.347168,2009.978271,48032.804688,44018.804688,396147.531250,9606.577148,8803.747070,79229.921875,62.888466,1.075000,3.725000,-0.300000,134168.0000000.000000
0.000000,0.000000,0.000000,0.000000,2202.000000,14.000000,213.000000,40.000000,251.000000,341.000000,-1593.476318,-1899.912231,490.300079,-318.695251,-379.982452,98.060013,1174.142090,1037.107300,10102.221680,234.829681,207.420853,2020.446289,48579.828125,44502.664062,400759.468750,9715.983398,8900.514648,80152.328125,64.054688,1.000000,3.750000,-0.375000,134852.0000000.000000
0.000000,0.000000,0.000000,0.000000,620.000000,6.000000,348.000000,54.000000,258.000000,347.000000,1593.476318,2206.350098,-245.150116,318.695251,441.270020,-49.030022,1307.626221,1210.551270,10120.424805,261.526550,242.109543,2024.086792,49027.605469,44909.703125,404368.500000,9805.537109,8981.922852,80874.148438,64.685829,0.975000,3.825000,-0.350000,135443.0000000.000000
0.000000,0.000000,0.000000,0.000000,630.000000,5.000000,283.000000,43.000000,347.000000,300.000000,1838.626221,2206.350098,-306.437653,367.725250,441.270020,-61.287529,1359.475220,1275.944946,10147.699219,271.896393,255.188309,2029.541382,49440.566406,45291.550781,407583.875000,9888.130859,9058.291016,81517.203125,64.595650,0.975000,3.800000,-0.375000,136069.0000000.000000
0.000000,0.000000,0.000000,0.000000,683.000000,5.000000,415.000000,54.000000,348.000000,283.000000,1716.051270,2022.487427,-306.437653,343.210266,404.497498,-61.287529,1325.093018,1239.540771,10202.122070,265.019958,247.907318,2040.426025,49924.394531,45740.417969,411394.125000,9984.900391,9148.064453,82279.250000,66.658340,0.825000,3.775000,-0.475000,136683.0000000.000000
0.000000,0.000000,0.000000,0.000000,579.000000,5.000000,348.000000,89.000000,299.000000,299.000000,-1716.051270,-1961.199951,551.587646,-343.210266,-392.239990,110.317528,1163.109741,1063.155273,10285.105469,232.623383,212.630234,2057.022949,50350.035156,46132.527344,414961.156250,10070.027344,9226.485352,82992.664062,65.661583,0.900000,3.800000,-0.475000,137270.0000000.000000
0.000000,0.000000,0.000000,0.000000,637.000000,5.000000,283.000000,99.000000,347.000000,299.000000,1716.051270,1716.050049,-306.437653,343.210266,343.210022,-61.287529,1156.245483,1072.103394,10333.399414,231.250549,214.419846,2066.682129,50805.527344,46554.933594,418875.500000,10161.125000,9310.967773,83775.546875,65.314796,0.900000,3.700000,-0.450000,137892.0000000.000000
0.000000,0.000000,0.000000,0.000000,682.000000,5.000000,333.000000,98.000000,0.000000,299.000000,-1532.188843,-1716.050049,551.587646,-306.437775,-343.210022,110.317528,1038.756836,958.598694,10476.811523,207.752853,191.718903,2095.364746,51834.742188,47516.230469,428273.156250,10366.964844,9503.233398,85655.062500,65.936081,0.875000,3.775000,-0.350000,139511.0000000.000000
0.000000,0.000000,0.000000,0.000000,638.000000,5.000000,283.000000,60.000000,258.000000,283.000000,-1532.188843,-1777.337524,551.587646,-306.437775,-355.467499,110.317528,934.568115,845.216431,10551.336914,186.915054,169.042557,2110.270264,52218.550781,47872.062500,432158.843750,10443.726562,9574.398438,86432.203125,65.680870,0.875000,3.700000,-0.425000,140103.0000000.000000
0.000000,0.000000,0.000000,0.000000,897.000000,5.000000,214.000000,57.000000,258.000000,282.000000,-1532.188843,-1838.625000,551.587646,-306.437775,-367.725006,110.317528,838.040100,741.027710,10624.084961,167.609482,148.204773,2124.819824,52541.628906,48159.093750,436110.687500,10508.342773,9631.805664,87222.539062,65.305183,0.925000,3.800000,-0.450000,140707.0000000.000000
0.000000,0.000000,0.000000,0.000000,904.000000,5.000000,347.000000,282.000000,563.000000,316.000000,-1593.476318,-1838.625000,551.587646,-318.695251,-367.725006,110.317528,840.614075,757.330261,10672.930664,168.124298,151.465286,2134.589111,52913.253906,48499.445312,440459.062500,10582.670898,9699.875977,88092.203125,65.852089,0.875000,3.750000,-0.375000,141334.0000000.000000
0.000000,0.000000,0.000000,0.000000,633.000000,5.000000,283.000000,60.000000,259.000000,266.000000,1593.476318,1899.912476,-306.437653,318.695251,379.982483,-61.287529,853.362000,781.416199,10706.025391,170.673859,156.282501,2141.208008,53161.457031,48723.878906,443646.000000,10632.315430,9744.763672,88729.585938,65.218010,0.925000,3.775000,-0.225000,141937.0000000.000000
0.000000,0.000000,0.000000,0.000000,672.000000,5.000000,498.000000,77.000000,348.000000,336.000000,1593.476318,2022.487427,-306.437653,318.695251,404.497498,-61.287529,756.159973,672.385803,10767.862305,151.233444,134.476425,2153.576172,53389.027344,48927.816406,446772.593750,10677.828125,9785.549805,89354.914062,64.949867,0.925000,3.700000,-0.250000,142578.0000000.000000
0.000000,0.000000,0.000000,0.000000,616.000000,5.000000,348.000000,34.000000,92.000000,216.000000,-1532.188843,-2145.062500,551.587646,-306.437775,-429.012512,110.317528,824.005310,773.816650,10788.270508,164.802521,154.762604,2157.657959,53642.945312,49161.636719,450188.687500,10728.612305,9832.315430,90038.132812,64.149200,1.000000,3.775000,-0.425000,143157.0000000.000000
0.000000,0.000000,0.000000,0.000000,654.000000,5.000000,300.000000,215.000000,316.000000,316.000000,1532.188843,2206.350098,-429.012665,306.437775,441.270020,-85.802536,882.228455,864.889832,10806.288086,176.447128,172.977203,2161.262207,53897.015625,49405.777344,453406.906250,10779.426758,9881.145508,90681.773438,66.019020,0.875000,3.800000,-0.375000,143768.0000000.000000
0.000000,0.000000,0.000000,0.000000,685.000000,5.000000,346.000000,105.000000,258.000000,299.000000,1470.901367,2206.350098,-306.437744,294.180267,441.270020,-61.287548,825.660034,797.780029,10886.268555,165.133453,159.555252,2177.258545,54246.515625,49724.164062,458468.406250,10849.327148,9944.821289,91694.062500,65.476303,0.925000,3.850000,-0.350000,144387.0000000.000000
0.000000,0.000000,0.000000,0.000000,600.000000,9.000000,347.000000,37.000000,238.000000,283.000000,1470.901367,2267.637695,-306.437775,294.180267,453.527527,-61.287556,824.189148,808.382874,10941.981445,164.839264,161.675812,2188.400635,54570.996094,50028.699219,463048.937500,10914.226562,10005.726562,92610.140625,65.305183,0.925000,3.800000,-0.350000,144987.0000000.000000
0.000000,0.000000,0.000000,0.000000,883.000000,39.000000,348.000000,109.000000,348.000000,348.000000,-1470.901367,-2206.350098,612.875305,-294.180267,-441.270020,122.575058,836.998108,846.074829,10977.283203,167.401108,169.214172,2195.460938,54869.566406,50329.171875,466927.218750,10973.938477,10065.820312,93385.789062,65.767029,0.875000,3.725000,-0.400000,145632.0000000.000000
0.000000,0.000000,0.000000,0.000000,639.000000,49.000000,266.000000,99.000000,348.000000,300.000000,1409.613892,2267.637695,-367.725311,281.922791,453.527527,-73.545059,942.780334,1024.728027,10981.575195,188.557556,204.944763,2196.318848,55166.097656,50639.718750,470606.687500,11033.242188,10127.931641,94121.695312,66.377502,0.850000,3.800000,-0.425000,146227.0000000.000000
0.000000,0.000000,0.000000,0.000000,884.000000,47.000000,214.000000,127.000000,348.000000,207.000000,-1409.613892,-2267.637451,551.587830,-281.922791,-453.527496,110.317566,910.359192,983.604187,11028.461914,182.073303,196.719971,2205.696045,55480.605469,50980.957031,474337.187500,11096.145508,10196.178711,94867.812500,65.661583,0.900000,3.800000,-0.300000,146857.0000000.000000
0.000000,0.000000,0.000000,0.000000,636.000000,12.000000,347.000000,35.000000,255.000000,348.000000,1225.751343,1899.912231,-0.000385,245.150269,379.982452,-0.000077,970.543396,1075.535400,11054.937500,194.110168,215.106232,2210.990967,55763.011719,51292.265625,477627.343750,11152.625977,10258.437500,95525.828125,65.129753,0.925000,3.750000,-0.325000,147451.0000000.000000
0.000000,0.000000,0.000000,0.000000,637.000000,3.000000,283.000000,32.000000,348.000000,300.000000,-1225.751343,-1961.199707,245.150391,-245.150269,-392.239929,49.030079,937.386841,1028.466431,11100.043945,187.478851,205.692490,2220.012695,56085.113281,51646.746094,481394.375000,11217.045898,10329.334961,96279.242188,64.949867,0.950000,3.800000,-0.275000,148046.0000000.000000
0.000000,0.000000,0.000000,0.000000,845.000000,3.000000,231.000000,32.000000,257.000000,300.000000,980.601440,2022.487183,-61.287895,196.120285,404.497437,-12.257579,901.656067,944.748047,11151.583984,180.332718,188.948776,2230.321289,56407.507812,51995.980469,485210.562500,11281.526367,10399.184570,97042.476562,65.125084,0.950000,3.850000,-0.300000,148643.0000000.000000
0.000000,0.000000,0.000000,0.000000,730.000000,3.000000,506.000000,40.000000,348.000000,348.000000,919.313965,2022.487183,-61.287891,183.862793,404.497437,-12.257578,896.569214,939.906250,11197.976562,179.315338,187.980469,2239.600586,56728.359375,52328.035156,489257.187500,11345.697266,10465.595703,97851.781250,64.595650,0.975000,3.800000,-0.325000,149260.0000000.000000
0.000000,0.000000,0.000000,0.000000,576.000000,3.000000,283.000000,54.000000,442.000000,300.000000,-919.313965,-1961.199707,429.012909,-183.862793,-392.239929,85.802582,832.952637,800.906250,11259.693359,166.591965,160.180511,2251.944092,57028.550781,52627.917969,493176.750000,11405.736328,10525.572266,98635.687500,64.949867,0.950000,3.800000,-0.325000,149849.0000000.000000
0.000000,0.000000,0.000000,0.000000,628.000000,3.000000,284.000000,79.000000,257.000000,265.000000,-980.601440,-1961.199707,429.012909,-196.120285,-392.239929,85.802582,798.631653,737.289917,11316.565430,159.727783,147.457214,2263.318604,57339.140625,52926.921875,497397.218750,11467.856445,10585.373047,99479.773438,65.040382,0.925000,3.725000,-0.350000,150440.0000000.000000
